treaty_code,hs_pattern,rule_type,shift_level,rvc_method,rvc_threshold,de_minimis,description,valid_from
TMEC,0101,CTC,CC,,,,[AUTO-GN11 cap.1] headings 0101 through 0106 from any other chapter.,2020-07-01
TMEC,0102,CTC,CC,,,,[AUTO-GN11 cap.1] headings 0101 through 0106 from any other chapter.,2020-07-01
TMEC,0103,CTC,CC,,,,[AUTO-GN11 cap.1] headings 0101 through 0106 from any other chapter.,2020-07-01
TMEC,0104,CTC,CC,,,,[AUTO-GN11 cap.1] headings 0101 through 0106 from any other chapter.,2020-07-01
TMEC,0105,CTC,CC,,,,[AUTO-GN11 cap.1] headings 0101 through 0106 from any other chapter.,2020-07-01
TMEC,0106,CTC,CC,,,,[AUTO-GN11 cap.1] headings 0101 through 0106 from any other chapter.,2020-07-01
TMEC,0201,CTC,CC,,,,[AUTO-GN11 cap.2] headings 0201 through 0210 from any other chapter. Harmonized Tariff Schedule of the United States Revision 9 (2026) Annotated for Statistical Reporting Purposes GN p.24 USMCA,2020-07-01
TMEC,0202,CTC,CC,,,,[AUTO-GN11 cap.2] headings 0201 through 0210 from any other chapter. Harmonized Tariff Schedule of the United States Revision 9 (2026) Annotated for Statistical Reporting Purposes GN p.24 USMCA,2020-07-01
TMEC,0203,CTC,CC,,,,[AUTO-GN11 cap.2] headings 0201 through 0210 from any other chapter. Harmonized Tariff Schedule of the United States Revision 9 (2026) Annotated for Statistical Reporting Purposes GN p.24 USMCA,2020-07-01
TMEC,0204,CTC,CC,,,,[AUTO-GN11 cap.2] headings 0201 through 0210 from any other chapter. Harmonized Tariff Schedule of the United States Revision 9 (2026) Annotated for Statistical Reporting Purposes GN p.24 USMCA,2020-07-01
TMEC,0205,CTC,CC,,,,[AUTO-GN11 cap.2] headings 0201 through 0210 from any other chapter. Harmonized Tariff Schedule of the United States Revision 9 (2026) Annotated for Statistical Reporting Purposes GN p.24 USMCA,2020-07-01
TMEC,0206,CTC,CC,,,,[AUTO-GN11 cap.2] headings 0201 through 0210 from any other chapter. Harmonized Tariff Schedule of the United States Revision 9 (2026) Annotated for Statistical Reporting Purposes GN p.24 USMCA,2020-07-01
TMEC,0207,CTC,CC,,,,[AUTO-GN11 cap.2] headings 0201 through 0210 from any other chapter. Harmonized Tariff Schedule of the United States Revision 9 (2026) Annotated for Statistical Reporting Purposes GN p.24 USMCA,2020-07-01
TMEC,0208,CTC,CC,,,,[AUTO-GN11 cap.2] headings 0201 through 0210 from any other chapter. Harmonized Tariff Schedule of the United States Revision 9 (2026) Annotated for Statistical Reporting Purposes GN p.24 USMCA,2020-07-01
TMEC,0209,CTC,CC,,,,[AUTO-GN11 cap.2] headings 0201 through 0210 from any other chapter. Harmonized Tariff Schedule of the United States Revision 9 (2026) Annotated for Statistical Reporting Purposes GN p.24 USMCA,2020-07-01
TMEC,0210,CTC,CC,,,,[AUTO-GN11 cap.2] headings 0201 through 0210 from any other chapter. Harmonized Tariff Schedule of the United States Revision 9 (2026) Annotated for Statistical Reporting Purposes GN p.24 USMCA,2020-07-01
TMEC,0301,CTC,CC,,,,[AUTO-GN11 cap.3] headings 0301 through 0305 from any other chapter. 2. (A),2020-07-01
TMEC,0302,CTC,CC,,,,[AUTO-GN11 cap.3] headings 0301 through 0305 from any other chapter. 2. (A),2020-07-01
TMEC,0303,CTC,CC,,,,[AUTO-GN11 cap.3] headings 0301 through 0305 from any other chapter. 2. (A),2020-07-01
TMEC,0304,CTC,CC,,,,[AUTO-GN11 cap.3] headings 0301 through 0305 from any other chapter. 2. (A),2020-07-01
TMEC,0305,CTC,CC,,,,[AUTO-GN11 cap.3] headings 0301 through 0305 from any other chapter. 2. (A),2020-07-01
TMEC,0306,CTC,CC,,,,[AUTO-GN11 cap.3] any other good of subheadings 0306.11 through 0308.90 from any other chapter.,2020-07-01
TMEC,0307,CTC,CC,,,,[AUTO-GN11 cap.3] any other good of subheadings 0306.11 through 0308.90 from any other chapter.,2020-07-01
TMEC,0308,CTC,CC,,,,[AUTO-GN11 cap.3] any other good of subheadings 0306.11 through 0308.90 from any other chapter.,2020-07-01
TMEC,0401,CTC,CC,,,,"[AUTO-GN11 cap.4] headings 0401 through 0404 from any other chapter, except from tariff items 1901.90.32, 1901.90.33, 1901.90.34, 1901.90.36, 1901.90.38, 1901.90.42 or 1901.90.43. 2.",2020-07-01
TMEC,0402,CTC,CC,,,,"[AUTO-GN11 cap.4] headings 0401 through 0404 from any other chapter, except from tariff items 1901.90.32, 1901.90.33, 1901.90.34, 1901.90.36, 1901.90.38, 1901.90.42 or 1901.90.43. 2.",2020-07-01
TMEC,0403,CTC,CC,,,,"[AUTO-GN11 cap.4] headings 0401 through 0404 from any other chapter, except from tariff items 1901.90.32, 1901.90.33, 1901.90.34, 1901.90.36, 1901.90.38, 1901.90.42 or 1901.90.43. 2.",2020-07-01
TMEC,0404,CTC,CC,,,,"[AUTO-GN11 cap.4] headings 0401 through 0404 from any other chapter, except from tariff items 1901.90.32, 1901.90.33, 1901.90.34, 1901.90.36, 1901.90.38, 1901.90.42 or 1901.90.43. 2.",2020-07-01
TMEC,0405,CTC,CC,,,,"[AUTO-GN11 cap.4] heading 0405 from any other chapter, except from tariff items 1901.90.32, 1901.90.33, 1901.90.34, 1901.90.36, 1901.90.38, 1901.90.42, 1901.90.43, 2106.90.03, 2106.90.06, 2106.90.09",2020-07-01
TMEC,0406,CTC,CC,,,,"[AUTO-GN11 cap.4] headings 0406 through 0410 from any other chapter, except from tariff items 1901.90.32, 1901.90.33, 1901.90.34, 1901.90.36, 1901.90.38, 1901.90.42 or 1901.90.43.",2020-07-01
TMEC,0407,CTC,CC,,,,"[AUTO-GN11 cap.4] headings 0406 through 0410 from any other chapter, except from tariff items 1901.90.32, 1901.90.33, 1901.90.34, 1901.90.36, 1901.90.38, 1901.90.42 or 1901.90.43.",2020-07-01
TMEC,0408,CTC,CC,,,,"[AUTO-GN11 cap.4] headings 0406 through 0410 from any other chapter, except from tariff items 1901.90.32, 1901.90.33, 1901.90.34, 1901.90.36, 1901.90.38, 1901.90.42 or 1901.90.43.",2020-07-01
TMEC,0409,CTC,CC,,,,"[AUTO-GN11 cap.4] headings 0406 through 0410 from any other chapter, except from tariff items 1901.90.32, 1901.90.33, 1901.90.34, 1901.90.36, 1901.90.38, 1901.90.42 or 1901.90.43.",2020-07-01
TMEC,0410,CTC,CC,,,,"[AUTO-GN11 cap.4] headings 0406 through 0410 from any other chapter, except from tariff items 1901.90.32, 1901.90.33, 1901.90.34, 1901.90.36, 1901.90.38, 1901.90.42 or 1901.90.43.",2020-07-01
TMEC,0501,CTC,CC,,,,[AUTO-GN11 cap.5] headings 0501 through 0511 from any other chapter.,2020-07-01
TMEC,0502,CTC,CC,,,,[AUTO-GN11 cap.5] headings 0501 through 0511 from any other chapter.,2020-07-01
TMEC,0503,CTC,CC,,,,[AUTO-GN11 cap.5] headings 0501 through 0511 from any other chapter.,2020-07-01
TMEC,0504,CTC,CC,,,,[AUTO-GN11 cap.5] headings 0501 through 0511 from any other chapter.,2020-07-01
TMEC,0505,CTC,CC,,,,[AUTO-GN11 cap.5] headings 0501 through 0511 from any other chapter.,2020-07-01
TMEC,0506,CTC,CC,,,,[AUTO-GN11 cap.5] headings 0501 through 0511 from any other chapter.,2020-07-01
TMEC,0507,CTC,CC,,,,[AUTO-GN11 cap.5] headings 0501 through 0511 from any other chapter.,2020-07-01
TMEC,0508,CTC,CC,,,,[AUTO-GN11 cap.5] headings 0501 through 0511 from any other chapter.,2020-07-01
TMEC,0509,CTC,CC,,,,[AUTO-GN11 cap.5] headings 0501 through 0511 from any other chapter.,2020-07-01
TMEC,0510,CTC,CC,,,,[AUTO-GN11 cap.5] headings 0501 through 0511 from any other chapter.,2020-07-01
TMEC,0511,CTC,CC,,,,[AUTO-GN11 cap.5] headings 0501 through 0511 from any other chapter.,2020-07-01
TMEC,0601,CTC,CC,,,,[AUTO-GN11 cap.6] headings 0601 through 0604 from any other chapter.,2020-07-01
TMEC,0602,CTC,CC,,,,[AUTO-GN11 cap.6] headings 0601 through 0604 from any other chapter.,2020-07-01
TMEC,0603,CTC,CC,,,,[AUTO-GN11 cap.6] headings 0601 through 0604 from any other chapter.,2020-07-01
TMEC,0604,CTC,CC,,,,[AUTO-GN11 cap.6] headings 0601 through 0604 from any other chapter.,2020-07-01
TMEC,0701,CTC,CC,,,,[AUTO-GN11 cap.7] headings 0701 through 0711 from any other chapter. 2.,2020-07-01
TMEC,0702,CTC,CC,,,,[AUTO-GN11 cap.7] headings 0701 through 0711 from any other chapter. 2.,2020-07-01
TMEC,0703,CTC,CC,,,,[AUTO-GN11 cap.7] headings 0701 through 0711 from any other chapter. 2.,2020-07-01
TMEC,0704,CTC,CC,,,,[AUTO-GN11 cap.7] headings 0701 through 0711 from any other chapter. 2.,2020-07-01
TMEC,0705,CTC,CC,,,,[AUTO-GN11 cap.7] headings 0701 through 0711 from any other chapter. 2.,2020-07-01
TMEC,0706,CTC,CC,,,,[AUTO-GN11 cap.7] headings 0701 through 0711 from any other chapter. 2.,2020-07-01
TMEC,0707,CTC,CC,,,,[AUTO-GN11 cap.7] headings 0701 through 0711 from any other chapter. 2.,2020-07-01
TMEC,0708,CTC,CC,,,,[AUTO-GN11 cap.7] headings 0701 through 0711 from any other chapter. 2.,2020-07-01
TMEC,0709,CTC,CC,,,,[AUTO-GN11 cap.7] headings 0701 through 0711 from any other chapter. 2.,2020-07-01
TMEC,0710,CTC,CC,,,,[AUTO-GN11 cap.7] headings 0701 through 0711 from any other chapter. 2.,2020-07-01
TMEC,0711,CTC,CC,,,,[AUTO-GN11 cap.7] headings 0701 through 0711 from any other chapter. 2.,2020-07-01
TMEC,0712,CTC,CC,,,,[AUTO-GN11 cap.7] subheadings 0712.20 through 0712.39 from any other chapter. 3. (A),2020-07-01
TMEC,071290,CTC,CC,,,,[AUTO-GN11 cap.7] any other good of subheading 0712.90 from any other chapter. 4.,2020-07-01
TMEC,0713,CTC,CC,,,,[AUTO-GN11 cap.7] headings 0713 through 0714 from any other chapter.,2020-07-01
TMEC,0714,CTC,CC,,,,[AUTO-GN11 cap.7] headings 0713 through 0714 from any other chapter.,2020-07-01
TMEC,0801,CTC,CC,,,,[AUTO-GN11 cap.8] headings 0801 through 0814 from any other chapter.,2020-07-01
TMEC,0802,CTC,CC,,,,[AUTO-GN11 cap.8] headings 0801 through 0814 from any other chapter.,2020-07-01
TMEC,0803,CTC,CC,,,,[AUTO-GN11 cap.8] headings 0801 through 0814 from any other chapter.,2020-07-01
TMEC,0804,CTC,CC,,,,[AUTO-GN11 cap.8] headings 0801 through 0814 from any other chapter.,2020-07-01
TMEC,0805,CTC,CC,,,,[AUTO-GN11 cap.8] headings 0801 through 0814 from any other chapter.,2020-07-01
TMEC,0806,CTC,CC,,,,[AUTO-GN11 cap.8] headings 0801 through 0814 from any other chapter.,2020-07-01
TMEC,0807,CTC,CC,,,,[AUTO-GN11 cap.8] headings 0801 through 0814 from any other chapter.,2020-07-01
TMEC,0808,CTC,CC,,,,[AUTO-GN11 cap.8] headings 0801 through 0814 from any other chapter.,2020-07-01
TMEC,0809,CTC,CC,,,,[AUTO-GN11 cap.8] headings 0801 through 0814 from any other chapter.,2020-07-01
TMEC,0810,CTC,CC,,,,[AUTO-GN11 cap.8] headings 0801 through 0814 from any other chapter.,2020-07-01
TMEC,0811,CTC,CC,,,,[AUTO-GN11 cap.8] headings 0801 through 0814 from any other chapter.,2020-07-01
TMEC,0812,CTC,CC,,,,[AUTO-GN11 cap.8] headings 0801 through 0814 from any other chapter.,2020-07-01
TMEC,0813,CTC,CC,,,,[AUTO-GN11 cap.8] headings 0801 through 0814 from any other chapter.,2020-07-01
TMEC,0814,CTC,CC,,,,[AUTO-GN11 cap.8] headings 0801 through 0814 from any other chapter.,2020-07-01
TMEC,0901,CTC,CC,,,,[AUTO-GN11 cap.9] heading 0901 from any other chapter. Harmonized Tariff Schedule of the United States Revision 9 (2026) Annotated for Statistical Reporting Purposes GN p.25 USMCA 2.,2020-07-01
TMEC,0902,CTC,CTSH,,,,"[AUTO-GN11 cap.9] subheadings 0902.10 through 0902.40 from any other subheading, including another subheading within that group. 3.",2020-07-01
TMEC,0903,CTC,CC,,,,[AUTO-GN11 cap.9] heading 0903 from any other chapter. 4.,2020-07-01
TMEC,090411,CTC,CC,,,,[AUTO-GN11 cap.9] subheading 0904.11 from any other chapter. 5.,2020-07-01
TMEC,090412,CTC,CTSH,,,,[AUTO-GN11 cap.9] subheading 0904.12 from any other subheading. 6.,2020-07-01
TMEC,090421,CTC,CC,,,,[AUTO-GN11 cap.9] subheading 0904.21 from any other chapter. 7. (A),2020-07-01
TMEC,090422,CTC,CC,,,,"[AUTO-GN11 cap.9] allspice, crushed or ground, of subheading 0904.22 from allspice, neither crushed nor ground of subheading 0904.21 or from any other chapter; or (B)",2020-07-01
TMEC,0905,CTC,CC,,,,[AUTO-GN11 cap.9] heading 0905 from any other chapter. 9.,2020-07-01
TMEC,0906,CTC,CC,,,,[AUTO-GN11 cap.9] subheadings 0906.11 through 0906.19 from any other chapter. 10.,2020-07-01
TMEC,090620,CTC,CTSH,,,,[AUTO-GN11 cap.9] subheading 0906.20 from any other subheading. 11.,2020-07-01
TMEC,091020,CTC,CC,,,,[AUTO-GN11 cap.9] subheading 0910.20 from any other chapter. 15.,2020-07-01
TMEC,091091,CTC,CTSH,,,,"[AUTO-GN11 cap.9] subheading 0910.91 from any other subheading. Subheading rule: Notwithstanding subdivision (e)(ii), subdivision (e)(i) of this note applies to nonoriginating thyme, bay leaves, or ",2020-07-01
TMEC,091099,CTC,CC,,,,[AUTO-GN11 cap.9] any other good of subheading 0910.99 from any other chapter.,2020-07-01
TMEC,1001,CTC,CC,,,,[AUTO-GN11 cap.10] headings 1001 through 1008 from any other chapter.,2020-07-01
TMEC,1002,CTC,CC,,,,[AUTO-GN11 cap.10] headings 1001 through 1008 from any other chapter.,2020-07-01
TMEC,1003,CTC,CC,,,,[AUTO-GN11 cap.10] headings 1001 through 1008 from any other chapter.,2020-07-01
TMEC,1004,CTC,CC,,,,[AUTO-GN11 cap.10] headings 1001 through 1008 from any other chapter.,2020-07-01
TMEC,1005,CTC,CC,,,,[AUTO-GN11 cap.10] headings 1001 through 1008 from any other chapter.,2020-07-01
TMEC,1006,CTC,CC,,,,[AUTO-GN11 cap.10] headings 1001 through 1008 from any other chapter.,2020-07-01
TMEC,1007,CTC,CC,,,,[AUTO-GN11 cap.10] headings 1001 through 1008 from any other chapter.,2020-07-01
TMEC,1008,CTC,CC,,,,[AUTO-GN11 cap.10] headings 1001 through 1008 from any other chapter.,2020-07-01
TMEC,1101,CTC,CC,,,,[AUTO-GN11 cap.11] headings 1101 through 1109 from any other chapter. Harmonized Tariff Schedule of the United States Revision 9 (2026) Annotated for Statistical Reporting Purposes GN p.26 USMCA,2020-07-01
TMEC,1102,CTC,CC,,,,[AUTO-GN11 cap.11] headings 1101 through 1109 from any other chapter. Harmonized Tariff Schedule of the United States Revision 9 (2026) Annotated for Statistical Reporting Purposes GN p.26 USMCA,2020-07-01
TMEC,1103,CTC,CC,,,,[AUTO-GN11 cap.11] headings 1101 through 1109 from any other chapter. Harmonized Tariff Schedule of the United States Revision 9 (2026) Annotated for Statistical Reporting Purposes GN p.26 USMCA,2020-07-01
TMEC,1104,CTC,CC,,,,[AUTO-GN11 cap.11] headings 1101 through 1109 from any other chapter. Harmonized Tariff Schedule of the United States Revision 9 (2026) Annotated for Statistical Reporting Purposes GN p.26 USMCA,2020-07-01
TMEC,1105,CTC,CC,,,,[AUTO-GN11 cap.11] headings 1101 through 1109 from any other chapter. Harmonized Tariff Schedule of the United States Revision 9 (2026) Annotated for Statistical Reporting Purposes GN p.26 USMCA,2020-07-01
TMEC,1106,CTC,CC,,,,[AUTO-GN11 cap.11] headings 1101 through 1109 from any other chapter. Harmonized Tariff Schedule of the United States Revision 9 (2026) Annotated for Statistical Reporting Purposes GN p.26 USMCA,2020-07-01
TMEC,1107,CTC,CC,,,,[AUTO-GN11 cap.11] headings 1101 through 1109 from any other chapter. Harmonized Tariff Schedule of the United States Revision 9 (2026) Annotated for Statistical Reporting Purposes GN p.26 USMCA,2020-07-01
TMEC,1108,CTC,CC,,,,[AUTO-GN11 cap.11] headings 1101 through 1109 from any other chapter. Harmonized Tariff Schedule of the United States Revision 9 (2026) Annotated for Statistical Reporting Purposes GN p.26 USMCA,2020-07-01
TMEC,1109,CTC,CC,,,,[AUTO-GN11 cap.11] headings 1101 through 1109 from any other chapter. Harmonized Tariff Schedule of the United States Revision 9 (2026) Annotated for Statistical Reporting Purposes GN p.26 USMCA,2020-07-01
TMEC,1201,CTC,CC,,,,[AUTO-GN11 cap.12] headings 1201 through 1206 from any other chapter. 2.,2020-07-01
TMEC,1202,CTC,CC,,,,[AUTO-GN11 cap.12] headings 1201 through 1206 from any other chapter. 2.,2020-07-01
TMEC,1203,CTC,CC,,,,[AUTO-GN11 cap.12] headings 1201 through 1206 from any other chapter. 2.,2020-07-01
TMEC,1204,CTC,CC,,,,[AUTO-GN11 cap.12] headings 1201 through 1206 from any other chapter. 2.,2020-07-01
TMEC,1205,CTC,CC,,,,[AUTO-GN11 cap.12] headings 1201 through 1206 from any other chapter. 2.,2020-07-01
TMEC,1206,CTC,CC,,,,[AUTO-GN11 cap.12] headings 1201 through 1206 from any other chapter. 2.,2020-07-01
TMEC,1207,CTC,CC,,,,[AUTO-GN11 cap.12] subheadings 1207.10 through 1207.70 from any other chapter. 3.,2020-07-01
TMEC,120799,CTC,CC,,,,[AUTO-GN11 cap.12] subheading 1207.99 from any other chapter. 5.,2020-07-01
TMEC,1208,CTC,CC,,,,"[AUTO-GN11 cap.12] heading 1208 from any other chapter. Subheading rule: Notwithstanding subdivision (e)(ii), subdivision (e)(i) applies to nonoriginating timothy grass seed when used in the producti",2020-07-01
TMEC,1209,CTC,CC,,,,[AUTO-GN11 cap.12] subheadings 1209.10 through 1209.30 from any other chapter. 7. (A),2020-07-01
TMEC,120991,CTC,CC,,,,[AUTO-GN11 cap.12] any other good of subheading 1209.91 from any other chapter. 8.,2020-07-01
TMEC,120999,CTC,CC,,,,[AUTO-GN11 cap.12] subheading 1209.99 from any other chapter. 9.,2020-07-01
TMEC,1210,CTC,CC,,,,[AUTO-GN11 cap.12] headings 1210 through 1214 from any other chapter.,2020-07-01
TMEC,1211,CTC,CC,,,,[AUTO-GN11 cap.12] headings 1210 through 1214 from any other chapter.,2020-07-01
TMEC,1212,CTC,CC,,,,[AUTO-GN11 cap.12] headings 1210 through 1214 from any other chapter.,2020-07-01
TMEC,1213,CTC,CC,,,,[AUTO-GN11 cap.12] headings 1210 through 1214 from any other chapter.,2020-07-01
TMEC,1214,CTC,CC,,,,[AUTO-GN11 cap.12] headings 1210 through 1214 from any other chapter.,2020-07-01
TMEC,130190,CTC,CC,,,,"[AUTO-GN11 cap.13] subheading 1301.90 from any other chapter. Subheading rule: Notwithstanding subdivision (e)(ii), subdivision (e)(i) applies to nonoriginating saps and extracts of pyrethrum or of t",2020-07-01
TMEC,1302,CTC,CC,,,,"[AUTO-GN11 cap.13] subheadings 1302.11 through 1302.32 from any other chapter, except from concentrates of poppy straw of subheading 2939.11. 4. (A)",2020-07-01
TMEC,130239,CTC,CC,,,,"[AUTO-GN11 cap.13] any other good of subheading 1302.39 from any other chapter, except from concentrates of poppy straw of subheading 2939.11.",2020-07-01
TMEC,1401,CTC,CC,,,,[AUTO-GN11 cap.14] headings 1401 through 1404 from any other chapter.,2020-07-01
TMEC,1402,CTC,CC,,,,[AUTO-GN11 cap.14] headings 1401 through 1404 from any other chapter.,2020-07-01
TMEC,1403,CTC,CC,,,,[AUTO-GN11 cap.14] headings 1401 through 1404 from any other chapter.,2020-07-01
TMEC,1404,CTC,CC,,,,[AUTO-GN11 cap.14] headings 1401 through 1404 from any other chapter.,2020-07-01
TMEC,1501,CTC,CC,,,,"[AUTO-GN11 cap.15] headings 1501 through 1518 from any other chapter, except from heading 3823. 2.",2020-07-01
TMEC,1502,CTC,CC,,,,"[AUTO-GN11 cap.15] headings 1501 through 1518 from any other chapter, except from heading 3823. 2.",2020-07-01
TMEC,1503,CTC,CC,,,,"[AUTO-GN11 cap.15] headings 1501 through 1518 from any other chapter, except from heading 3823. 2.",2020-07-01
TMEC,1504,CTC,CC,,,,"[AUTO-GN11 cap.15] headings 1501 through 1518 from any other chapter, except from heading 3823. 2.",2020-07-01
TMEC,1505,CTC,CC,,,,"[AUTO-GN11 cap.15] headings 1501 through 1518 from any other chapter, except from heading 3823. 2.",2020-07-01
TMEC,1506,CTC,CC,,,,"[AUTO-GN11 cap.15] headings 1501 through 1518 from any other chapter, except from heading 3823. 2.",2020-07-01
TMEC,1507,CTC,CC,,,,"[AUTO-GN11 cap.15] headings 1501 through 1518 from any other chapter, except from heading 3823. 2.",2020-07-01
TMEC,1508,CTC,CC,,,,"[AUTO-GN11 cap.15] headings 1501 through 1518 from any other chapter, except from heading 3823. 2.",2020-07-01
TMEC,1509,CTC,CC,,,,"[AUTO-GN11 cap.15] headings 1501 through 1518 from any other chapter, except from heading 3823. 2.",2020-07-01
TMEC,1510,CTC,CC,,,,"[AUTO-GN11 cap.15] headings 1501 through 1518 from any other chapter, except from heading 3823. 2.",2020-07-01
TMEC,1511,CTC,CC,,,,"[AUTO-GN11 cap.15] headings 1501 through 1518 from any other chapter, except from heading 3823. 2.",2020-07-01
TMEC,1512,CTC,CC,,,,"[AUTO-GN11 cap.15] headings 1501 through 1518 from any other chapter, except from heading 3823. 2.",2020-07-01
TMEC,1513,CTC,CC,,,,"[AUTO-GN11 cap.15] headings 1501 through 1518 from any other chapter, except from heading 3823. 2.",2020-07-01
TMEC,1514,CTC,CC,,,,"[AUTO-GN11 cap.15] headings 1501 through 1518 from any other chapter, except from heading 3823. 2.",2020-07-01
TMEC,1515,CTC,CC,,,,"[AUTO-GN11 cap.15] headings 1501 through 1518 from any other chapter, except from heading 3823. 2.",2020-07-01
TMEC,1516,CTC,CC,,,,"[AUTO-GN11 cap.15] headings 1501 through 1518 from any other chapter, except from heading 3823. 2.",2020-07-01
TMEC,1517,CTC,CC,,,,"[AUTO-GN11 cap.15] headings 1501 through 1518 from any other chapter, except from heading 3823. 2.",2020-07-01
TMEC,1518,CTC,CC,,,,"[AUTO-GN11 cap.15] headings 1501 through 1518 from any other chapter, except from heading 3823. 2.",2020-07-01
TMEC,1520,CTC,CTH,,,,"[AUTO-GN11 cap.15] heading 1520 from any other heading, except from heading 3823. 3.",2020-07-01
TMEC,1521,CTC,CC,,,,[AUTO-GN11 cap.15] headings 1521 through 1522 from any other chapter.,2020-07-01
TMEC,1522,CTC,CC,,,,[AUTO-GN11 cap.15] headings 1521 through 1522 from any other chapter.,2020-07-01
TMEC,1601,CTC,CC,,,,[AUTO-GN11 cap.16] headings 1601 through 1605 from any other chapter. Harmonized Tariff Schedule of the United States Revision 9 (2026) Annotated for Statistical Reporting Purposes GN p.27 USMCA,2020-07-01
TMEC,1602,CTC,CC,,,,[AUTO-GN11 cap.16] headings 1601 through 1605 from any other chapter. Harmonized Tariff Schedule of the United States Revision 9 (2026) Annotated for Statistical Reporting Purposes GN p.27 USMCA,2020-07-01
TMEC,1603,CTC,CC,,,,[AUTO-GN11 cap.16] headings 1601 through 1605 from any other chapter. Harmonized Tariff Schedule of the United States Revision 9 (2026) Annotated for Statistical Reporting Purposes GN p.27 USMCA,2020-07-01
TMEC,1604,CTC,CC,,,,[AUTO-GN11 cap.16] headings 1601 through 1605 from any other chapter. Harmonized Tariff Schedule of the United States Revision 9 (2026) Annotated for Statistical Reporting Purposes GN p.27 USMCA,2020-07-01
TMEC,1605,CTC,CC,,,,[AUTO-GN11 cap.16] headings 1601 through 1605 from any other chapter. Harmonized Tariff Schedule of the United States Revision 9 (2026) Annotated for Statistical Reporting Purposes GN p.27 USMCA,2020-07-01
TMEC,1701,CTC,CC,,,,[AUTO-GN11 cap.17] headings 1701 through 1703 from any other chapter. 2.,2020-07-01
TMEC,1702,CTC,CC,,,,[AUTO-GN11 cap.17] headings 1701 through 1703 from any other chapter. 2.,2020-07-01
TMEC,1703,CTC,CC,,,,[AUTO-GN11 cap.17] headings 1701 through 1703 from any other chapter. 2.,2020-07-01
TMEC,1704,CTC,CTH,,,,[AUTO-GN11 cap.17] heading 1704 from any other heading.,2020-07-01
TMEC,1801,CTC,CC,,,,[AUTO-GN11 cap.18] headings 1801 through 1805 from any other chapter. 2.,2020-07-01
TMEC,1802,CTC,CC,,,,[AUTO-GN11 cap.18] headings 1801 through 1805 from any other chapter. 2.,2020-07-01
TMEC,1803,CTC,CC,,,,[AUTO-GN11 cap.18] headings 1801 through 1805 from any other chapter. 2.,2020-07-01
TMEC,1804,CTC,CC,,,,[AUTO-GN11 cap.18] headings 1801 through 1805 from any other chapter. 2.,2020-07-01
TMEC,1805,CTC,CC,,,,[AUTO-GN11 cap.18] headings 1801 through 1805 from any other chapter. 2.,2020-07-01
TMEC,180610,CTC,CTH,,,,"[AUTO-GN11 cap.18] subheading 1806.10 from any other heading, provided that the nonoriginating sugar of chapter 17 constitutes no more than 35 percent by weight of the sugar and the nonoriginating co",2020-07-01
TMEC,180620,CTC,CTH,,,,[AUTO-GN11 cap.18] subheading 1806.20 from any other heading. 5.,2020-07-01
TMEC,1806,CTC,CTSH,,,,"[AUTO-GN11 cap.18] subheadings 1806.31 through 1806.90 from any other subheading, including another subheading within that group.",2020-07-01
TMEC,04,CTC,CC,,,,"[AUTO-GN11 cap.19] tariff items 1901.10.05, 1901.10.15, 1901.10.30, 1901.10.35, 1901.10.40 or 1901.10.45 from any other chapter, except from chapter 4. 2.",2020-07-01
TMEC,190110,CTC,CC,,,,[AUTO-GN11 cap.19] subheading 1901.10 from any other chapter. 3.,2020-07-01
TMEC,190120,CTC,CC,,,,[AUTO-GN11 cap.19] subheading 1901.20 from any other chapter. 5.,2020-07-01
TMEC,190190,CTC,CC,,,,[AUTO-GN11 cap.19] subheading 1901.90 from any other chapter. 7.,2020-07-01
TMEC,1902,CTC,CC,,,,[AUTO-GN11 cap.19] headings 1902 through 1903 from any other chapter. 8.,2020-07-01
TMEC,1903,CTC,CC,,,,[AUTO-GN11 cap.19] headings 1902 through 1903 from any other chapter. 8.,2020-07-01
TMEC,190410,CTC,CC,,,,[AUTO-GN11 cap.19] subheading 1904.10 from any other chapter. 9.,2020-07-01
TMEC,190420,CTC,CTSH,,,,"[AUTO-GN11 cap.19] subheading 1904.20 from any other subheading, except from chapter 20. 10.",2020-07-01
TMEC,1904,CTC,CC,,,,[AUTO-GN11 cap.19] subheadings 1904.30 through 1904.90 from any other chapter. 11.,2020-07-01
TMEC,1905,CTC,CC,,,,[AUTO-GN11 cap.19] heading 1905 from any other chapter.,2020-07-01
TMEC,2001,CTC,CC,,,,[AUTO-GN11 cap.20] headings 2001 through 2007 from any other chapter. 2.,2020-07-01
TMEC,2002,CTC,CC,,,,[AUTO-GN11 cap.20] headings 2001 through 2007 from any other chapter. 2.,2020-07-01
TMEC,2003,CTC,CC,,,,[AUTO-GN11 cap.20] headings 2001 through 2007 from any other chapter. 2.,2020-07-01
TMEC,2004,CTC,CC,,,,[AUTO-GN11 cap.20] headings 2001 through 2007 from any other chapter. 2.,2020-07-01
TMEC,2005,CTC,CC,,,,[AUTO-GN11 cap.20] headings 2001 through 2007 from any other chapter. 2.,2020-07-01
TMEC,2006,CTC,CC,,,,[AUTO-GN11 cap.20] headings 2001 through 2007 from any other chapter. 2.,2020-07-01
TMEC,2007,CTC,CC,,,,[AUTO-GN11 cap.20] headings 2001 through 2007 from any other chapter. 2.,2020-07-01
TMEC,200811,CTC,CTH,,,,"[AUTO-GN11 cap.20] subheading 2008.11 from any other heading, except from heading 1202. Subheading rule: Fruit preparations of subheadings 2008.19 through 2008.99 that contain peaches, pears, or apri",2020-07-01
TMEC,2008,CTC,CC,,,,[AUTO-GN11 cap.20] subheadings 2008.19 through 2008.99 from any other chapter. 4.,2020-07-01
TMEC,2009,CTC,CC,,,,"[AUTO-GN11 cap.20] subheadings 2009.11 through 2009.39 from any other chapter, except from heading 0805. 5.",2020-07-01
TMEC,200990,CTC,CC,,,,[AUTO-GN11 cap.20] subheading 2009.90 from any other chapter; (B),2020-07-01
TMEC,09,CTC,CC,,,,"[AUTO-GN11 cap.21] tariff item 2101.11.21 from any other chapter, provided that the nonoriginating coffee of chapter 9 constitutes no more than 60 percent by weight of the good. 2.",2020-07-01
TMEC,2101,CTC,CC,,,,[AUTO-GN11 cap.21] heading 2101 from any other chapter. 3.,2020-07-01
TMEC,2102,CTC,CC,,,,[AUTO-GN11 cap.21] heading 2102 from any other chapter. 4.,2020-07-01
TMEC,210310,CTC,CC,,,,[AUTO-GN11 cap.21] subheading 2103.10 from any other chapter. 5.,2020-07-01
TMEC,200290,CTC,CC,,,,"[AUTO-GN11 cap.21] tariff item 2103.20.20 from any other chapter, except from subheading 2002.90. 6.",2020-07-01
TMEC,210320,CTC,CC,,,,[AUTO-GN11 cap.21] subheading 2103.20 from any other chapter. 7.,2020-07-01
TMEC,210330,CTC,CC,,,,[AUTO-GN11 cap.21] subheading 2103.30 from any other chapter. 8.,2020-07-01
TMEC,210390,CTC,CTSH,,,,[AUTO-GN11 cap.21] subheading 2103.90 from any other subheading. 9.,2020-07-01
TMEC,2104,CTC,CC,,,,[AUTO-GN11 cap.21] heading 2104 from any other chapter. Harmonized Tariff Schedule of the United States Revision 9 (2026) Annotated for Statistical Reporting Purposes GN p.29 USMCA 10.,2020-07-01
TMEC,2105,CTC,CTH,,,,"[AUTO-GN11 cap.21] heading 2105 from any other heading, except from chapter 4 or tariff items 1901.90.32, 1901.90.33, 1901.90.34, 1901.90.36, 1901.90.38, 1901.90.42 or 1901.90.43. 11.",2020-07-01
TMEC,21,CTC,CTSH,,,,"[AUTO-GN11 cap.21] tariff item 2106.90.54 from any other subheading within chapter 21, heading 2009 or tariff item 2202.90.37, whether or not there is also a change from any other chapter, provided t",2020-07-01
TMEC,2106,CTC,CC,,,,[AUTO-GN11 cap.21] heading 2106 from any other chapter.,2020-07-01
TMEC,2201,CTC,CC,,,,[AUTO-GN11 cap.22] heading 2201 from any other chapter. 2.,2020-07-01
TMEC,220210,CTC,CC,,,,[AUTO-GN11 cap.22] subheading 2202.10 from any other chapter. 3.,2020-07-01
TMEC,22,CTC,CTSH,,,,"[AUTO-GN11 cap.22] tariff item 2202.90.37 from any other subheading within chapter 22, heading 2009, or tariff item 2106.90.54, whether or not there is also a change from any other chapter, provided ",2020-07-01
TMEC,220290,CTC,CC,,,,[AUTO-GN11 cap.22] subheading 2202.90 from any other chapter. 7.,2020-07-01
TMEC,220820,CTC,CTH,,,,"[AUTO-GN11 cap.22] subheading 2208.20 from any other heading, except from tariff items 2106.90.12, 2106.90.15 or 2106.90.18 or headings 2203 through 2207 or 2209. 9. No required change in tariff clas",2020-07-01
TMEC,220890,CTC,CTH,,,,"[AUTO-GN11 cap.22] subheading 2208.90 from any other heading, except from tariff items 2106.90.12, 2106.90.15 or 2106.90.18 or headings 2203 through 2207 or 2209. 11.",2020-07-01
TMEC,2209,CTC,CTH,,,,"[AUTO-GN11 cap.22] heading 2209 from any other heading, except from tariff items 2106.90.12, 2106.90.15 or 2106.90.18 or headings 2203 through 2208.",2020-07-01
TMEC,2301,CTC,CC,,,,[AUTO-GN11 cap.23] headings 2301 through 2308 from any other chapter. 2.,2020-07-01
TMEC,2302,CTC,CC,,,,[AUTO-GN11 cap.23] headings 2301 through 2308 from any other chapter. 2.,2020-07-01
TMEC,2303,CTC,CC,,,,[AUTO-GN11 cap.23] headings 2301 through 2308 from any other chapter. 2.,2020-07-01
TMEC,2304,CTC,CC,,,,[AUTO-GN11 cap.23] headings 2301 through 2308 from any other chapter. 2.,2020-07-01
TMEC,2305,CTC,CC,,,,[AUTO-GN11 cap.23] headings 2301 through 2308 from any other chapter. 2.,2020-07-01
TMEC,2306,CTC,CC,,,,[AUTO-GN11 cap.23] headings 2301 through 2308 from any other chapter. 2.,2020-07-01
TMEC,2307,CTC,CC,,,,[AUTO-GN11 cap.23] headings 2301 through 2308 from any other chapter. 2.,2020-07-01
TMEC,2308,CTC,CC,,,,[AUTO-GN11 cap.23] headings 2301 through 2308 from any other chapter. 2.,2020-07-01
TMEC,230910,CTC,CTH,,,,[AUTO-GN11 cap.23] subheading 2309.10 from any other heading. Harmonized Tariff Schedule of the United States Revision 9 (2026) Annotated for Statistical Reporting Purposes GN p.30 USMCA 3.,2020-07-01
TMEC,230990,CTC,CTH,,,,[AUTO-GN11 cap.23] subheading 2309.90 from any other heading.,2020-07-01
TMEC,2501,CTC,CC,,,,[AUTO-GN11 cap.25] headings 2501 through 2530 from any other chapter.,2020-07-01
TMEC,2502,CTC,CC,,,,[AUTO-GN11 cap.25] headings 2501 through 2530 from any other chapter.,2020-07-01
TMEC,2503,CTC,CC,,,,[AUTO-GN11 cap.25] headings 2501 through 2530 from any other chapter.,2020-07-01
TMEC,2504,CTC,CC,,,,[AUTO-GN11 cap.25] headings 2501 through 2530 from any other chapter.,2020-07-01
TMEC,2505,CTC,CC,,,,[AUTO-GN11 cap.25] headings 2501 through 2530 from any other chapter.,2020-07-01
TMEC,2506,CTC,CC,,,,[AUTO-GN11 cap.25] headings 2501 through 2530 from any other chapter.,2020-07-01
TMEC,2507,CTC,CC,,,,[AUTO-GN11 cap.25] headings 2501 through 2530 from any other chapter.,2020-07-01
TMEC,2508,CTC,CC,,,,[AUTO-GN11 cap.25] headings 2501 through 2530 from any other chapter.,2020-07-01
TMEC,2509,CTC,CC,,,,[AUTO-GN11 cap.25] headings 2501 through 2530 from any other chapter.,2020-07-01
TMEC,2510,CTC,CC,,,,[AUTO-GN11 cap.25] headings 2501 through 2530 from any other chapter.,2020-07-01
TMEC,2511,CTC,CC,,,,[AUTO-GN11 cap.25] headings 2501 through 2530 from any other chapter.,2020-07-01
TMEC,2512,CTC,CC,,,,[AUTO-GN11 cap.25] headings 2501 through 2530 from any other chapter.,2020-07-01
TMEC,2513,CTC,CC,,,,[AUTO-GN11 cap.25] headings 2501 through 2530 from any other chapter.,2020-07-01
TMEC,2514,CTC,CC,,,,[AUTO-GN11 cap.25] headings 2501 through 2530 from any other chapter.,2020-07-01
TMEC,2515,CTC,CC,,,,[AUTO-GN11 cap.25] headings 2501 through 2530 from any other chapter.,2020-07-01
TMEC,2516,CTC,CC,,,,[AUTO-GN11 cap.25] headings 2501 through 2530 from any other chapter.,2020-07-01
TMEC,2517,CTC,CC,,,,[AUTO-GN11 cap.25] headings 2501 through 2530 from any other chapter.,2020-07-01
TMEC,2518,CTC,CC,,,,[AUTO-GN11 cap.25] headings 2501 through 2530 from any other chapter.,2020-07-01
TMEC,2519,CTC,CC,,,,[AUTO-GN11 cap.25] headings 2501 through 2530 from any other chapter.,2020-07-01
TMEC,2520,CTC,CC,,,,[AUTO-GN11 cap.25] headings 2501 through 2530 from any other chapter.,2020-07-01
TMEC,2521,CTC,CC,,,,[AUTO-GN11 cap.25] headings 2501 through 2530 from any other chapter.,2020-07-01
TMEC,2522,CTC,CC,,,,[AUTO-GN11 cap.25] headings 2501 through 2530 from any other chapter.,2020-07-01
TMEC,2523,CTC,CC,,,,[AUTO-GN11 cap.25] headings 2501 through 2530 from any other chapter.,2020-07-01
TMEC,2524,CTC,CC,,,,[AUTO-GN11 cap.25] headings 2501 through 2530 from any other chapter.,2020-07-01
TMEC,2525,CTC,CC,,,,[AUTO-GN11 cap.25] headings 2501 through 2530 from any other chapter.,2020-07-01
TMEC,2526,CTC,CC,,,,[AUTO-GN11 cap.25] headings 2501 through 2530 from any other chapter.,2020-07-01
TMEC,2527,CTC,CC,,,,[AUTO-GN11 cap.25] headings 2501 through 2530 from any other chapter.,2020-07-01
TMEC,2528,CTC,CC,,,,[AUTO-GN11 cap.25] headings 2501 through 2530 from any other chapter.,2020-07-01
TMEC,2529,CTC,CC,,,,[AUTO-GN11 cap.25] headings 2501 through 2530 from any other chapter.,2020-07-01
TMEC,2530,CTC,CC,,,,[AUTO-GN11 cap.25] headings 2501 through 2530 from any other chapter.,2020-07-01
TMEC,2601,CTC,CTH,,,,"[AUTO-GN11 cap.26] headings 2601 through 2621 from any other heading, including another heading within that group.",2020-07-01
TMEC,2602,CTC,CTH,,,,"[AUTO-GN11 cap.26] headings 2601 through 2621 from any other heading, including another heading within that group.",2020-07-01
TMEC,2603,CTC,CTH,,,,"[AUTO-GN11 cap.26] headings 2601 through 2621 from any other heading, including another heading within that group.",2020-07-01
TMEC,2604,CTC,CTH,,,,"[AUTO-GN11 cap.26] headings 2601 through 2621 from any other heading, including another heading within that group.",2020-07-01
TMEC,2605,CTC,CTH,,,,"[AUTO-GN11 cap.26] headings 2601 through 2621 from any other heading, including another heading within that group.",2020-07-01
TMEC,2606,CTC,CTH,,,,"[AUTO-GN11 cap.26] headings 2601 through 2621 from any other heading, including another heading within that group.",2020-07-01
TMEC,2607,CTC,CTH,,,,"[AUTO-GN11 cap.26] headings 2601 through 2621 from any other heading, including another heading within that group.",2020-07-01
TMEC,2608,CTC,CTH,,,,"[AUTO-GN11 cap.26] headings 2601 through 2621 from any other heading, including another heading within that group.",2020-07-01
TMEC,2609,CTC,CTH,,,,"[AUTO-GN11 cap.26] headings 2601 through 2621 from any other heading, including another heading within that group.",2020-07-01
TMEC,2610,CTC,CTH,,,,"[AUTO-GN11 cap.26] headings 2601 through 2621 from any other heading, including another heading within that group.",2020-07-01
TMEC,2611,CTC,CTH,,,,"[AUTO-GN11 cap.26] headings 2601 through 2621 from any other heading, including another heading within that group.",2020-07-01
TMEC,2612,CTC,CTH,,,,"[AUTO-GN11 cap.26] headings 2601 through 2621 from any other heading, including another heading within that group.",2020-07-01
TMEC,2613,CTC,CTH,,,,"[AUTO-GN11 cap.26] headings 2601 through 2621 from any other heading, including another heading within that group.",2020-07-01
TMEC,2614,CTC,CTH,,,,"[AUTO-GN11 cap.26] headings 2601 through 2621 from any other heading, including another heading within that group.",2020-07-01
TMEC,2615,CTC,CTH,,,,"[AUTO-GN11 cap.26] headings 2601 through 2621 from any other heading, including another heading within that group.",2020-07-01
TMEC,2616,CTC,CTH,,,,"[AUTO-GN11 cap.26] headings 2601 through 2621 from any other heading, including another heading within that group.",2020-07-01
TMEC,2617,CTC,CTH,,,,"[AUTO-GN11 cap.26] headings 2601 through 2621 from any other heading, including another heading within that group.",2020-07-01
TMEC,2618,CTC,CTH,,,,"[AUTO-GN11 cap.26] headings 2601 through 2621 from any other heading, including another heading within that group.",2020-07-01
TMEC,2619,CTC,CTH,,,,"[AUTO-GN11 cap.26] headings 2601 through 2621 from any other heading, including another heading within that group.",2020-07-01
TMEC,2620,CTC,CTH,,,,"[AUTO-GN11 cap.26] headings 2601 through 2621 from any other heading, including another heading within that group.",2020-07-01
TMEC,2621,CTC,CTH,,,,"[AUTO-GN11 cap.26] headings 2601 through 2621 from any other heading, including another heading within that group.",2020-07-01
TMEC,2701,CTC,CC,,,,[AUTO-GN11 cap.27] headings 2701 through 2703 from any other chapter. 2.,2020-07-01
TMEC,2702,CTC,CC,,,,[AUTO-GN11 cap.27] headings 2701 through 2703 from any other chapter. 2.,2020-07-01
TMEC,2703,CTC,CC,,,,[AUTO-GN11 cap.27] headings 2701 through 2703 from any other chapter. 2.,2020-07-01
TMEC,2704,CTC,CTH,,,,[AUTO-GN11 cap.27] heading 2704 from any other heading. 3.,2020-07-01
TMEC,2705,CTC,CTH,,,,"[AUTO-GN11 cap.27] headings 2705 through 2706 from any other heading, including another heading within that group. 4. (A)",2020-07-01
TMEC,2706,CTC,CTH,,,,"[AUTO-GN11 cap.27] headings 2705 through 2706 from any other heading, including another heading within that group. 4. (A)",2020-07-01
TMEC,2707,CTC,CTH,,,,[AUTO-GN11 cap.27] subheadings 2707.10 through 2707.91 from any other heading; or (B),2020-07-01
TMEC,270799,CTC,CTH,,,,[AUTO-GN11 cap.27] subheading 2707.99 from any other heading; (B),2020-07-01
TMEC,2708,CTC,CTH,,,,"[AUTO-GN11 cap.27] headings 2708 through 2709 from any other heading, including another heading within that group. Subheading rule: Notwithstanding subdivision (e)(ii), subdivision (e)(i) applies to:",2020-07-01
TMEC,2709,CTC,CTH,,,,"[AUTO-GN11 cap.27] headings 2708 through 2709 from any other heading, including another heading within that group. Subheading rule: Notwithstanding subdivision (e)(ii), subdivision (e)(i) applies to:",2020-07-01
TMEC,2710,CTC,CTH,,,,"[AUTO-GN11 cap.27] heading 2710 from any other heading, except from headings 2711 through 2715; (B) Production of any good of heading 2710 as the result of atmospheric distillation, vacuum distillati",2020-07-01
TMEC,271119,CTC,CTSH,,,,"[AUTO-GN11 cap.27] subheading 2711.19 from any other subheading, except from subheading 2711.29. 11.",2020-07-01
TMEC,271121,CTC,CTSH,,,,[AUTO-GN11 cap.27] subheading 2711.21 from any other subheading. 12.,2020-07-01
TMEC,271129,CTC,CTSH,,,,"[AUTO-GN11 cap.27] subheading 2711.29 from any other subheading, except from subheading 2711.12 through 2711.21. 13.",2020-07-01
TMEC,2712,CTC,CTH,,,,[AUTO-GN11 cap.27] heading 2712 from any other heading. 14.,2020-07-01
TMEC,2713,CTC,CTH,,,,[AUTO-GN11 cap.27] subheadings 2713.11 through 2713.12 from any other heading. 15.,2020-07-01
TMEC,271390,CTC,CTH,,,,"[AUTO-GN11 cap.27] subheading 2713.90 from any other heading, except from headings 2710 through 2712, subheadings 2713.11 through 2713.20 or headings 2714 through 2715. 17.",2020-07-01
TMEC,2714,CTC,CTH,,,,[AUTO-GN11 cap.27] heading 2714 from any other heading. 18.,2020-07-01
TMEC,2715,CTC,CTH,,,,"[AUTO-GN11 cap.27] heading 2715 from any other heading, except from subheading 2713.20 or heading 2714. 19.",2020-07-01
TMEC,2716,CTC,CTH,,,,[AUTO-GN11 cap.27] heading 2716 from any other heading.,2020-07-01
TMEC,2801,CTC,CTSH,,,,"[AUTO-GN11 cap.28] subheadings 2801.10 through 2853.00 from any other subheading, including another heading within that group; or (B) No change in tariff classification to a good of subheadings 2801.",2020-07-01
TMEC,2802,CTC,CTSH,,,,"[AUTO-GN11 cap.28] subheadings 2801.10 through 2853.00 from any other subheading, including another heading within that group; or (B) No change in tariff classification to a good of subheadings 2801.",2020-07-01
TMEC,2803,CTC,CTSH,,,,"[AUTO-GN11 cap.28] subheadings 2801.10 through 2853.00 from any other subheading, including another heading within that group; or (B) No change in tariff classification to a good of subheadings 2801.",2020-07-01
TMEC,2804,CTC,CTSH,,,,"[AUTO-GN11 cap.28] subheadings 2801.10 through 2853.00 from any other subheading, including another heading within that group; or (B) No change in tariff classification to a good of subheadings 2801.",2020-07-01
TMEC,2805,CTC,CTSH,,,,"[AUTO-GN11 cap.28] subheadings 2801.10 through 2853.00 from any other subheading, including another heading within that group; or (B) No change in tariff classification to a good of subheadings 2801.",2020-07-01
TMEC,2806,CTC,CTSH,,,,"[AUTO-GN11 cap.28] subheadings 2801.10 through 2853.00 from any other subheading, including another heading within that group; or (B) No change in tariff classification to a good of subheadings 2801.",2020-07-01
TMEC,2807,CTC,CTSH,,,,"[AUTO-GN11 cap.28] subheadings 2801.10 through 2853.00 from any other subheading, including another heading within that group; or (B) No change in tariff classification to a good of subheadings 2801.",2020-07-01
TMEC,2808,CTC,CTSH,,,,"[AUTO-GN11 cap.28] subheadings 2801.10 through 2853.00 from any other subheading, including another heading within that group; or (B) No change in tariff classification to a good of subheadings 2801.",2020-07-01
TMEC,2809,CTC,CTSH,,,,"[AUTO-GN11 cap.28] subheadings 2801.10 through 2853.00 from any other subheading, including another heading within that group; or (B) No change in tariff classification to a good of subheadings 2801.",2020-07-01
TMEC,2810,CTC,CTSH,,,,"[AUTO-GN11 cap.28] subheadings 2801.10 through 2853.00 from any other subheading, including another heading within that group; or (B) No change in tariff classification to a good of subheadings 2801.",2020-07-01
TMEC,2811,CTC,CTSH,,,,"[AUTO-GN11 cap.28] subheadings 2801.10 through 2853.00 from any other subheading, including another heading within that group; or (B) No change in tariff classification to a good of subheadings 2801.",2020-07-01
TMEC,2812,CTC,CTSH,,,,"[AUTO-GN11 cap.28] subheadings 2801.10 through 2853.00 from any other subheading, including another heading within that group; or (B) No change in tariff classification to a good of subheadings 2801.",2020-07-01
TMEC,2813,CTC,CTSH,,,,"[AUTO-GN11 cap.28] subheadings 2801.10 through 2853.00 from any other subheading, including another heading within that group; or (B) No change in tariff classification to a good of subheadings 2801.",2020-07-01
TMEC,2814,CTC,CTSH,,,,"[AUTO-GN11 cap.28] subheadings 2801.10 through 2853.00 from any other subheading, including another heading within that group; or (B) No change in tariff classification to a good of subheadings 2801.",2020-07-01
TMEC,2815,CTC,CTSH,,,,"[AUTO-GN11 cap.28] subheadings 2801.10 through 2853.00 from any other subheading, including another heading within that group; or (B) No change in tariff classification to a good of subheadings 2801.",2020-07-01
TMEC,2816,CTC,CTSH,,,,"[AUTO-GN11 cap.28] subheadings 2801.10 through 2853.00 from any other subheading, including another heading within that group; or (B) No change in tariff classification to a good of subheadings 2801.",2020-07-01
TMEC,2817,CTC,CTSH,,,,"[AUTO-GN11 cap.28] subheadings 2801.10 through 2853.00 from any other subheading, including another heading within that group; or (B) No change in tariff classification to a good of subheadings 2801.",2020-07-01
TMEC,2818,CTC,CTSH,,,,"[AUTO-GN11 cap.28] subheadings 2801.10 through 2853.00 from any other subheading, including another heading within that group; or (B) No change in tariff classification to a good of subheadings 2801.",2020-07-01
TMEC,2819,CTC,CTSH,,,,"[AUTO-GN11 cap.28] subheadings 2801.10 through 2853.00 from any other subheading, including another heading within that group; or (B) No change in tariff classification to a good of subheadings 2801.",2020-07-01
TMEC,2820,CTC,CTSH,,,,"[AUTO-GN11 cap.28] subheadings 2801.10 through 2853.00 from any other subheading, including another heading within that group; or (B) No change in tariff classification to a good of subheadings 2801.",2020-07-01
TMEC,2821,CTC,CTSH,,,,"[AUTO-GN11 cap.28] subheadings 2801.10 through 2853.00 from any other subheading, including another heading within that group; or (B) No change in tariff classification to a good of subheadings 2801.",2020-07-01
TMEC,2822,CTC,CTSH,,,,"[AUTO-GN11 cap.28] subheadings 2801.10 through 2853.00 from any other subheading, including another heading within that group; or (B) No change in tariff classification to a good of subheadings 2801.",2020-07-01
TMEC,2823,CTC,CTSH,,,,"[AUTO-GN11 cap.28] subheadings 2801.10 through 2853.00 from any other subheading, including another heading within that group; or (B) No change in tariff classification to a good of subheadings 2801.",2020-07-01
TMEC,2824,CTC,CTSH,,,,"[AUTO-GN11 cap.28] subheadings 2801.10 through 2853.00 from any other subheading, including another heading within that group; or (B) No change in tariff classification to a good of subheadings 2801.",2020-07-01
TMEC,2825,CTC,CTSH,,,,"[AUTO-GN11 cap.28] subheadings 2801.10 through 2853.00 from any other subheading, including another heading within that group; or (B) No change in tariff classification to a good of subheadings 2801.",2020-07-01
TMEC,2826,CTC,CTSH,,,,"[AUTO-GN11 cap.28] subheadings 2801.10 through 2853.00 from any other subheading, including another heading within that group; or (B) No change in tariff classification to a good of subheadings 2801.",2020-07-01
TMEC,2827,CTC,CTSH,,,,"[AUTO-GN11 cap.28] subheadings 2801.10 through 2853.00 from any other subheading, including another heading within that group; or (B) No change in tariff classification to a good of subheadings 2801.",2020-07-01
TMEC,2828,CTC,CTSH,,,,"[AUTO-GN11 cap.28] subheadings 2801.10 through 2853.00 from any other subheading, including another heading within that group; or (B) No change in tariff classification to a good of subheadings 2801.",2020-07-01
TMEC,2829,CTC,CTSH,,,,"[AUTO-GN11 cap.28] subheadings 2801.10 through 2853.00 from any other subheading, including another heading within that group; or (B) No change in tariff classification to a good of subheadings 2801.",2020-07-01
TMEC,2830,CTC,CTSH,,,,"[AUTO-GN11 cap.28] subheadings 2801.10 through 2853.00 from any other subheading, including another heading within that group; or (B) No change in tariff classification to a good of subheadings 2801.",2020-07-01
TMEC,2831,CTC,CTSH,,,,"[AUTO-GN11 cap.28] subheadings 2801.10 through 2853.00 from any other subheading, including another heading within that group; or (B) No change in tariff classification to a good of subheadings 2801.",2020-07-01
TMEC,2832,CTC,CTSH,,,,"[AUTO-GN11 cap.28] subheadings 2801.10 through 2853.00 from any other subheading, including another heading within that group; or (B) No change in tariff classification to a good of subheadings 2801.",2020-07-01
TMEC,2833,CTC,CTSH,,,,"[AUTO-GN11 cap.28] subheadings 2801.10 through 2853.00 from any other subheading, including another heading within that group; or (B) No change in tariff classification to a good of subheadings 2801.",2020-07-01
TMEC,2834,CTC,CTSH,,,,"[AUTO-GN11 cap.28] subheadings 2801.10 through 2853.00 from any other subheading, including another heading within that group; or (B) No change in tariff classification to a good of subheadings 2801.",2020-07-01
TMEC,2835,CTC,CTSH,,,,"[AUTO-GN11 cap.28] subheadings 2801.10 through 2853.00 from any other subheading, including another heading within that group; or (B) No change in tariff classification to a good of subheadings 2801.",2020-07-01
TMEC,2836,CTC,CTSH,,,,"[AUTO-GN11 cap.28] subheadings 2801.10 through 2853.00 from any other subheading, including another heading within that group; or (B) No change in tariff classification to a good of subheadings 2801.",2020-07-01
TMEC,2837,CTC,CTSH,,,,"[AUTO-GN11 cap.28] subheadings 2801.10 through 2853.00 from any other subheading, including another heading within that group; or (B) No change in tariff classification to a good of subheadings 2801.",2020-07-01
TMEC,2838,CTC,CTSH,,,,"[AUTO-GN11 cap.28] subheadings 2801.10 through 2853.00 from any other subheading, including another heading within that group; or (B) No change in tariff classification to a good of subheadings 2801.",2020-07-01
TMEC,2839,CTC,CTSH,,,,"[AUTO-GN11 cap.28] subheadings 2801.10 through 2853.00 from any other subheading, including another heading within that group; or (B) No change in tariff classification to a good of subheadings 2801.",2020-07-01
TMEC,2840,CTC,CTSH,,,,"[AUTO-GN11 cap.28] subheadings 2801.10 through 2853.00 from any other subheading, including another heading within that group; or (B) No change in tariff classification to a good of subheadings 2801.",2020-07-01
TMEC,2841,CTC,CTSH,,,,"[AUTO-GN11 cap.28] subheadings 2801.10 through 2853.00 from any other subheading, including another heading within that group; or (B) No change in tariff classification to a good of subheadings 2801.",2020-07-01
TMEC,2842,CTC,CTSH,,,,"[AUTO-GN11 cap.28] subheadings 2801.10 through 2853.00 from any other subheading, including another heading within that group; or (B) No change in tariff classification to a good of subheadings 2801.",2020-07-01
TMEC,2843,CTC,CTSH,,,,"[AUTO-GN11 cap.28] subheadings 2801.10 through 2853.00 from any other subheading, including another heading within that group; or (B) No change in tariff classification to a good of subheadings 2801.",2020-07-01
TMEC,2844,CTC,CTSH,,,,"[AUTO-GN11 cap.28] subheadings 2801.10 through 2853.00 from any other subheading, including another heading within that group; or (B) No change in tariff classification to a good of subheadings 2801.",2020-07-01
TMEC,2845,CTC,CTSH,,,,"[AUTO-GN11 cap.28] subheadings 2801.10 through 2853.00 from any other subheading, including another heading within that group; or (B) No change in tariff classification to a good of subheadings 2801.",2020-07-01
TMEC,2846,CTC,CTSH,,,,"[AUTO-GN11 cap.28] subheadings 2801.10 through 2853.00 from any other subheading, including another heading within that group; or (B) No change in tariff classification to a good of subheadings 2801.",2020-07-01
TMEC,2847,CTC,CTSH,,,,"[AUTO-GN11 cap.28] subheadings 2801.10 through 2853.00 from any other subheading, including another heading within that group; or (B) No change in tariff classification to a good of subheadings 2801.",2020-07-01
TMEC,2848,CTC,CTSH,,,,"[AUTO-GN11 cap.28] subheadings 2801.10 through 2853.00 from any other subheading, including another heading within that group; or (B) No change in tariff classification to a good of subheadings 2801.",2020-07-01
TMEC,2849,CTC,CTSH,,,,"[AUTO-GN11 cap.28] subheadings 2801.10 through 2853.00 from any other subheading, including another heading within that group; or (B) No change in tariff classification to a good of subheadings 2801.",2020-07-01
TMEC,2850,CTC,CTSH,,,,"[AUTO-GN11 cap.28] subheadings 2801.10 through 2853.00 from any other subheading, including another heading within that group; or (B) No change in tariff classification to a good of subheadings 2801.",2020-07-01
TMEC,2851,CTC,CTSH,,,,"[AUTO-GN11 cap.28] subheadings 2801.10 through 2853.00 from any other subheading, including another heading within that group; or (B) No change in tariff classification to a good of subheadings 2801.",2020-07-01
TMEC,2852,CTC,CTSH,,,,"[AUTO-GN11 cap.28] subheadings 2801.10 through 2853.00 from any other subheading, including another heading within that group; or (B) No change in tariff classification to a good of subheadings 2801.",2020-07-01
TMEC,2853,CTC,CTSH,,,,"[AUTO-GN11 cap.28] subheadings 2801.10 through 2853.00 from any other subheading, including another heading within that group; or (B) No change in tariff classification to a good of subheadings 2801.",2020-07-01
TMEC,2901,CTC_OR_RVC,CTSH,transaction,40,,"[AUTO-GN11 cap.29] subheadings 2901.10 through 2942.00 from any other subheading, including another subheading within that group; or (B) No change in tariff classification to a good of subheadings 29",2020-07-01
TMEC,2902,CTC_OR_RVC,CTSH,transaction,40,,"[AUTO-GN11 cap.29] subheadings 2901.10 through 2942.00 from any other subheading, including another subheading within that group; or (B) No change in tariff classification to a good of subheadings 29",2020-07-01
TMEC,2903,CTC_OR_RVC,CTSH,transaction,40,,"[AUTO-GN11 cap.29] subheadings 2901.10 through 2942.00 from any other subheading, including another subheading within that group; or (B) No change in tariff classification to a good of subheadings 29",2020-07-01
TMEC,2904,CTC_OR_RVC,CTSH,transaction,40,,"[AUTO-GN11 cap.29] subheadings 2901.10 through 2942.00 from any other subheading, including another subheading within that group; or (B) No change in tariff classification to a good of subheadings 29",2020-07-01
TMEC,2905,CTC_OR_RVC,CTSH,transaction,40,,"[AUTO-GN11 cap.29] subheadings 2901.10 through 2942.00 from any other subheading, including another subheading within that group; or (B) No change in tariff classification to a good of subheadings 29",2020-07-01
TMEC,2906,CTC_OR_RVC,CTSH,transaction,40,,"[AUTO-GN11 cap.29] subheadings 2901.10 through 2942.00 from any other subheading, including another subheading within that group; or (B) No change in tariff classification to a good of subheadings 29",2020-07-01
TMEC,2907,CTC_OR_RVC,CTSH,transaction,40,,"[AUTO-GN11 cap.29] subheadings 2901.10 through 2942.00 from any other subheading, including another subheading within that group; or (B) No change in tariff classification to a good of subheadings 29",2020-07-01
TMEC,2908,CTC_OR_RVC,CTSH,transaction,40,,"[AUTO-GN11 cap.29] subheadings 2901.10 through 2942.00 from any other subheading, including another subheading within that group; or (B) No change in tariff classification to a good of subheadings 29",2020-07-01
TMEC,2909,CTC_OR_RVC,CTSH,transaction,40,,"[AUTO-GN11 cap.29] subheadings 2901.10 through 2942.00 from any other subheading, including another subheading within that group; or (B) No change in tariff classification to a good of subheadings 29",2020-07-01
TMEC,2910,CTC_OR_RVC,CTSH,transaction,40,,"[AUTO-GN11 cap.29] subheadings 2901.10 through 2942.00 from any other subheading, including another subheading within that group; or (B) No change in tariff classification to a good of subheadings 29",2020-07-01
TMEC,2911,CTC_OR_RVC,CTSH,transaction,40,,"[AUTO-GN11 cap.29] subheadings 2901.10 through 2942.00 from any other subheading, including another subheading within that group; or (B) No change in tariff classification to a good of subheadings 29",2020-07-01
TMEC,2912,CTC_OR_RVC,CTSH,transaction,40,,"[AUTO-GN11 cap.29] subheadings 2901.10 through 2942.00 from any other subheading, including another subheading within that group; or (B) No change in tariff classification to a good of subheadings 29",2020-07-01
TMEC,2913,CTC_OR_RVC,CTSH,transaction,40,,"[AUTO-GN11 cap.29] subheadings 2901.10 through 2942.00 from any other subheading, including another subheading within that group; or (B) No change in tariff classification to a good of subheadings 29",2020-07-01
TMEC,2914,CTC_OR_RVC,CTSH,transaction,40,,"[AUTO-GN11 cap.29] subheadings 2901.10 through 2942.00 from any other subheading, including another subheading within that group; or (B) No change in tariff classification to a good of subheadings 29",2020-07-01
TMEC,2915,CTC_OR_RVC,CTSH,transaction,40,,"[AUTO-GN11 cap.29] subheadings 2901.10 through 2942.00 from any other subheading, including another subheading within that group; or (B) No change in tariff classification to a good of subheadings 29",2020-07-01
TMEC,2916,CTC_OR_RVC,CTSH,transaction,40,,"[AUTO-GN11 cap.29] subheadings 2901.10 through 2942.00 from any other subheading, including another subheading within that group; or (B) No change in tariff classification to a good of subheadings 29",2020-07-01
TMEC,2917,CTC_OR_RVC,CTSH,transaction,40,,"[AUTO-GN11 cap.29] subheadings 2901.10 through 2942.00 from any other subheading, including another subheading within that group; or (B) No change in tariff classification to a good of subheadings 29",2020-07-01
TMEC,2918,CTC_OR_RVC,CTSH,transaction,40,,"[AUTO-GN11 cap.29] subheadings 2901.10 through 2942.00 from any other subheading, including another subheading within that group; or (B) No change in tariff classification to a good of subheadings 29",2020-07-01
TMEC,2919,CTC_OR_RVC,CTSH,transaction,40,,"[AUTO-GN11 cap.29] subheadings 2901.10 through 2942.00 from any other subheading, including another subheading within that group; or (B) No change in tariff classification to a good of subheadings 29",2020-07-01
TMEC,2920,CTC_OR_RVC,CTSH,transaction,40,,"[AUTO-GN11 cap.29] subheadings 2901.10 through 2942.00 from any other subheading, including another subheading within that group; or (B) No change in tariff classification to a good of subheadings 29",2020-07-01
TMEC,2921,CTC_OR_RVC,CTSH,transaction,40,,"[AUTO-GN11 cap.29] subheadings 2901.10 through 2942.00 from any other subheading, including another subheading within that group; or (B) No change in tariff classification to a good of subheadings 29",2020-07-01
TMEC,2922,CTC_OR_RVC,CTSH,transaction,40,,"[AUTO-GN11 cap.29] subheadings 2901.10 through 2942.00 from any other subheading, including another subheading within that group; or (B) No change in tariff classification to a good of subheadings 29",2020-07-01
TMEC,2923,CTC_OR_RVC,CTSH,transaction,40,,"[AUTO-GN11 cap.29] subheadings 2901.10 through 2942.00 from any other subheading, including another subheading within that group; or (B) No change in tariff classification to a good of subheadings 29",2020-07-01
TMEC,2924,CTC_OR_RVC,CTSH,transaction,40,,"[AUTO-GN11 cap.29] subheadings 2901.10 through 2942.00 from any other subheading, including another subheading within that group; or (B) No change in tariff classification to a good of subheadings 29",2020-07-01
TMEC,2925,CTC_OR_RVC,CTSH,transaction,40,,"[AUTO-GN11 cap.29] subheadings 2901.10 through 2942.00 from any other subheading, including another subheading within that group; or (B) No change in tariff classification to a good of subheadings 29",2020-07-01
TMEC,2926,CTC_OR_RVC,CTSH,transaction,40,,"[AUTO-GN11 cap.29] subheadings 2901.10 through 2942.00 from any other subheading, including another subheading within that group; or (B) No change in tariff classification to a good of subheadings 29",2020-07-01
TMEC,2927,CTC_OR_RVC,CTSH,transaction,40,,"[AUTO-GN11 cap.29] subheadings 2901.10 through 2942.00 from any other subheading, including another subheading within that group; or (B) No change in tariff classification to a good of subheadings 29",2020-07-01
TMEC,2928,CTC_OR_RVC,CTSH,transaction,40,,"[AUTO-GN11 cap.29] subheadings 2901.10 through 2942.00 from any other subheading, including another subheading within that group; or (B) No change in tariff classification to a good of subheadings 29",2020-07-01
TMEC,2929,CTC_OR_RVC,CTSH,transaction,40,,"[AUTO-GN11 cap.29] subheadings 2901.10 through 2942.00 from any other subheading, including another subheading within that group; or (B) No change in tariff classification to a good of subheadings 29",2020-07-01
TMEC,2930,CTC_OR_RVC,CTSH,transaction,40,,"[AUTO-GN11 cap.29] subheadings 2901.10 through 2942.00 from any other subheading, including another subheading within that group; or (B) No change in tariff classification to a good of subheadings 29",2020-07-01
TMEC,2931,CTC_OR_RVC,CTSH,transaction,40,,"[AUTO-GN11 cap.29] subheadings 2901.10 through 2942.00 from any other subheading, including another subheading within that group; or (B) No change in tariff classification to a good of subheadings 29",2020-07-01
TMEC,2932,CTC_OR_RVC,CTSH,transaction,40,,"[AUTO-GN11 cap.29] subheadings 2901.10 through 2942.00 from any other subheading, including another subheading within that group; or (B) No change in tariff classification to a good of subheadings 29",2020-07-01
TMEC,2933,CTC_OR_RVC,CTSH,transaction,40,,"[AUTO-GN11 cap.29] subheadings 2901.10 through 2942.00 from any other subheading, including another subheading within that group; or (B) No change in tariff classification to a good of subheadings 29",2020-07-01
TMEC,2934,CTC_OR_RVC,CTSH,transaction,40,,"[AUTO-GN11 cap.29] subheadings 2901.10 through 2942.00 from any other subheading, including another subheading within that group; or (B) No change in tariff classification to a good of subheadings 29",2020-07-01
TMEC,2935,CTC_OR_RVC,CTSH,transaction,40,,"[AUTO-GN11 cap.29] subheadings 2901.10 through 2942.00 from any other subheading, including another subheading within that group; or (B) No change in tariff classification to a good of subheadings 29",2020-07-01
TMEC,2936,CTC_OR_RVC,CTSH,transaction,40,,"[AUTO-GN11 cap.29] subheadings 2901.10 through 2942.00 from any other subheading, including another subheading within that group; or (B) No change in tariff classification to a good of subheadings 29",2020-07-01
TMEC,2937,CTC_OR_RVC,CTSH,transaction,40,,"[AUTO-GN11 cap.29] subheadings 2901.10 through 2942.00 from any other subheading, including another subheading within that group; or (B) No change in tariff classification to a good of subheadings 29",2020-07-01
TMEC,2938,CTC_OR_RVC,CTSH,transaction,40,,"[AUTO-GN11 cap.29] subheadings 2901.10 through 2942.00 from any other subheading, including another subheading within that group; or (B) No change in tariff classification to a good of subheadings 29",2020-07-01
TMEC,2939,CTC_OR_RVC,CTSH,transaction,40,,"[AUTO-GN11 cap.29] subheadings 2901.10 through 2942.00 from any other subheading, including another subheading within that group; or (B) No change in tariff classification to a good of subheadings 29",2020-07-01
TMEC,2940,CTC_OR_RVC,CTSH,transaction,40,,"[AUTO-GN11 cap.29] subheadings 2901.10 through 2942.00 from any other subheading, including another subheading within that group; or (B) No change in tariff classification to a good of subheadings 29",2020-07-01
TMEC,2941,CTC_OR_RVC,CTSH,transaction,40,,"[AUTO-GN11 cap.29] subheadings 2901.10 through 2942.00 from any other subheading, including another subheading within that group; or (B) No change in tariff classification to a good of subheadings 29",2020-07-01
TMEC,2942,CTC_OR_RVC,CTSH,transaction,40,,"[AUTO-GN11 cap.29] subheadings 2901.10 through 2942.00 from any other subheading, including another subheading within that group; or (B) No change in tariff classification to a good of subheadings 29",2020-07-01
TMEC,3001,CTC,CTSH,,,,"[AUTO-GN11 cap.30] subheadings 3001.20 through 3003.90 from any other subheading, including another subheading within that group. 2. (A)",2020-07-01
TMEC,3002,CTC,CTSH,,,,"[AUTO-GN11 cap.30] subheadings 3001.20 through 3003.90 from any other subheading, including another subheading within that group. 2. (A)",2020-07-01
TMEC,3003,CTC,CTSH,,,,"[AUTO-GN11 cap.30] subheadings 3001.20 through 3003.90 from any other subheading, including another subheading within that group. 2. (A)",2020-07-01
TMEC,3004,CTC_OR_RVC,CTH,transaction,60,,"[AUTO-GN11 cap.30] heading 3004 from any other heading, except from heading 3003; or (B) No change in tariff classification to a good of heading 3004, provided there is a regional value content of no",2020-07-01
TMEC,3005,CTC,CTH,,,,"[AUTO-GN11 cap.30] subheadings 3005.10 through 3005.90 from any other heading; or (B) No change in tariff classification to a good of subheadings 3005.10 through 3005.90, provided there is a regional",2020-07-01
TMEC,3006,CTC,CTSH,,,,"[AUTO-GN11 cap.30] subheadings 3006.10 through 3006.50 from any other subheading, including another subheading within that group. 5. (A)",2020-07-01
TMEC,300660,CTC_OR_RVC,CTH,transaction,60,,"[AUTO-GN11 cap.30] subheading 3006.60 from any other heading; or (B) No change in tariff classification to a good of subheading 3006.60, provided there is a regional value content of not less than: (",2020-07-01
TMEC,300670,CTC_OR_RVC,CC,transaction,60,,"[AUTO-GN11 cap.30] subheading 3006.70 from any other chapter, except from chapters 28 through 38; or (B) No change in tariff classification to a good of subheading 3006.70, provided there is a region",2020-07-01
TMEC,3201,CTC,CTSH,,,,"[AUTO-GN11 cap.32] subheadings 3201.10 through 3202.90 from any other subheading, including another subheading within that group. 2.",2020-07-01
TMEC,3202,CTC,CTSH,,,,"[AUTO-GN11 cap.32] subheadings 3201.10 through 3202.90 from any other subheading, including another subheading within that group. 2.",2020-07-01
TMEC,3203,CTC,CTH,,,,[AUTO-GN11 cap.32] heading 3203 from any other heading. 3.,2020-07-01
TMEC,3204,CTC,CTSH,,,,"[AUTO-GN11 cap.32] subheadings 3204.11 through 3204.90 from any other subheading, including another subheading within that group. 4. (A)",2020-07-01
TMEC,320500,CTC_OR_RVC,CTSH,transaction,40,,"[AUTO-GN11 cap.32] subheading 3205.00 from any other subheading; or (B) No change in tariff classification to a good of subheading 3205.00, provided there is a regional value content of not less than",2020-07-01
TMEC,3206,CTC,CTSH,,,,"[AUTO-GN11 cap.32] subheadings 3206.11 through 3206.42 from any other subheading, including another subheading within that group. 6. (A)",2020-07-01
TMEC,320649,CTC,CTSH,,,,[AUTO-GN11 cap.32] any other good of subheading 3206.49 from any other subheading. 7.,2020-07-01
TMEC,320650,CTC,CTSH,,,,[AUTO-GN11 cap.32] subheading 3206.50 from any other subheading. 8.,2020-07-01
TMEC,3207,CTC,CC,,,,[AUTO-GN11 cap.32] headings 3207 through 3215 from any other chapter.,2020-07-01
TMEC,3208,CTC,CC,,,,[AUTO-GN11 cap.32] headings 3207 through 3215 from any other chapter.,2020-07-01
TMEC,3209,CTC,CC,,,,[AUTO-GN11 cap.32] headings 3207 through 3215 from any other chapter.,2020-07-01
TMEC,3210,CTC,CC,,,,[AUTO-GN11 cap.32] headings 3207 through 3215 from any other chapter.,2020-07-01
TMEC,3211,CTC,CC,,,,[AUTO-GN11 cap.32] headings 3207 through 3215 from any other chapter.,2020-07-01
TMEC,3212,CTC,CC,,,,[AUTO-GN11 cap.32] headings 3207 through 3215 from any other chapter.,2020-07-01
TMEC,3213,CTC,CC,,,,[AUTO-GN11 cap.32] headings 3207 through 3215 from any other chapter.,2020-07-01
TMEC,3214,CTC,CC,,,,[AUTO-GN11 cap.32] headings 3207 through 3215 from any other chapter.,2020-07-01
TMEC,3215,CTC,CC,,,,[AUTO-GN11 cap.32] headings 3207 through 3215 from any other chapter.,2020-07-01
TMEC,3301,CTC,CC,,,,[AUTO-GN11 cap.33] subheadings 3301.12 through 3301.13 from any other chapter; or (B) No change in tariff classification to a good of subheadings 3301.12 through 3301.13 provided there is a regional ,2020-07-01
TMEC,330119,CTC_OR_RVC,CC,transaction,60,,"[AUTO-GN11 cap.33] any other good of subheading 3301.19 from any other chapter; or (C) No change in tariff classification to a good of subheading 3301.19, provided there is a regional value content o",2020-07-01
TMEC,330129,CTC_OR_RVC,CC,transaction,60,,"[AUTO-GN11 cap.33] any other good of subheading 3301.29 from any other chapter; or (C) No change in tariff classification to a good of subheading 3301.29, whether or not there is also a change from a",2020-07-01
TMEC,3302,CTC,CTH,,,,[AUTO-GN11 cap.33] headings 3302 through 3303 from any other heading. 7.,2020-07-01
TMEC,3303,CTC,CTH,,,,[AUTO-GN11 cap.33] headings 3302 through 3303 from any other heading. 7.,2020-07-01
TMEC,3304,CTC,CTSH,,,,"[AUTO-GN11 cap.33] subheadings 3304.10 through 3305.90 from any other subheading, including another subheading within that group. 8.",2020-07-01
TMEC,3305,CTC,CTSH,,,,"[AUTO-GN11 cap.33] subheadings 3304.10 through 3305.90 from any other subheading, including another subheading within that group. 8.",2020-07-01
TMEC,3306,CTC,CTH,,,,[AUTO-GN11 cap.33] headings 3306 through 3307 from any other heading.,2020-07-01
TMEC,3307,CTC,CTH,,,,[AUTO-GN11 cap.33] headings 3306 through 3307 from any other heading.,2020-07-01
TMEC,3401,CTC,CTH,,,,[AUTO-GN11 cap.34] heading 3401 from any other heading. 2. (A),2020-07-01
TMEC,3402,CTC,CTSH,,,,"[AUTO-GN11 cap.34] subheadings 3402.11 through 3404.90 from any other subheading, including another subheading within that group; or (B) No change in tariff classification to a good of subheadings 34",2020-07-01
TMEC,3403,CTC,CTSH,,,,"[AUTO-GN11 cap.34] subheadings 3402.11 through 3404.90 from any other subheading, including another subheading within that group; or (B) No change in tariff classification to a good of subheadings 34",2020-07-01
TMEC,3404,CTC,CTSH,,,,"[AUTO-GN11 cap.34] subheadings 3402.11 through 3404.90 from any other subheading, including another subheading within that group; or (B) No change in tariff classification to a good of subheadings 34",2020-07-01
TMEC,3405,CTC,CTH,,,,"[AUTO-GN11 cap.34] headings 3405 through 3407 from any other heading, including another heading within that group.",2020-07-01
TMEC,3406,CTC,CTH,,,,"[AUTO-GN11 cap.34] headings 3405 through 3407 from any other heading, including another heading within that group.",2020-07-01
TMEC,3407,CTC,CTH,,,,"[AUTO-GN11 cap.34] headings 3405 through 3407 from any other heading, including another heading within that group.",2020-07-01
TMEC,3501,CTC_OR_RVC,CTH,transaction,65,,"[AUTO-GN11 cap.35] heading 3501 from any other heading; or (B) No change in tariff classification to a good of heading 3501, provided there is a regional value content of not less than: (1) 65 percen",2020-07-01
TMEC,3502,CTC,CTH,,,,[AUTO-GN11 cap.35] subheadings 3502.11 through 3502.19 from any other heading. 3. (A),2020-07-01
TMEC,3503,CTC,CTSH,,,,"[AUTO-GN11 cap.35] subheadings 3503.00 through 3507.90 from any other subheading, including another subheading within that group; or (B) No change in tariff classification to a good of subheadings 35",2020-07-01
TMEC,3504,CTC,CTSH,,,,"[AUTO-GN11 cap.35] subheadings 3503.00 through 3507.90 from any other subheading, including another subheading within that group; or (B) No change in tariff classification to a good of subheadings 35",2020-07-01
TMEC,3505,CTC,CTSH,,,,"[AUTO-GN11 cap.35] subheadings 3503.00 through 3507.90 from any other subheading, including another subheading within that group; or (B) No change in tariff classification to a good of subheadings 35",2020-07-01
TMEC,3506,CTC,CTSH,,,,"[AUTO-GN11 cap.35] subheadings 3503.00 through 3507.90 from any other subheading, including another subheading within that group; or (B) No change in tariff classification to a good of subheadings 35",2020-07-01
TMEC,3507,CTC,CTSH,,,,"[AUTO-GN11 cap.35] subheadings 3503.00 through 3507.90 from any other subheading, including another subheading within that group; or (B) No change in tariff classification to a good of subheadings 35",2020-07-01
TMEC,3601,CTC,CTH,,,,"[AUTO-GN11 cap.36] headings 3601 through 3606 from any other heading, including another heading within that group. Harmonized Tariff Schedule of the United States Revision 9 (2026) Annotated for Stat",2020-07-01
TMEC,3602,CTC,CTH,,,,"[AUTO-GN11 cap.36] headings 3601 through 3606 from any other heading, including another heading within that group. Harmonized Tariff Schedule of the United States Revision 9 (2026) Annotated for Stat",2020-07-01
TMEC,3603,CTC,CTH,,,,"[AUTO-GN11 cap.36] headings 3601 through 3606 from any other heading, including another heading within that group. Harmonized Tariff Schedule of the United States Revision 9 (2026) Annotated for Stat",2020-07-01
TMEC,3604,CTC,CTH,,,,"[AUTO-GN11 cap.36] headings 3601 through 3606 from any other heading, including another heading within that group. Harmonized Tariff Schedule of the United States Revision 9 (2026) Annotated for Stat",2020-07-01
TMEC,3605,CTC,CTH,,,,"[AUTO-GN11 cap.36] headings 3601 through 3606 from any other heading, including another heading within that group. Harmonized Tariff Schedule of the United States Revision 9 (2026) Annotated for Stat",2020-07-01
TMEC,3606,CTC,CTH,,,,"[AUTO-GN11 cap.36] headings 3601 through 3606 from any other heading, including another heading within that group. Harmonized Tariff Schedule of the United States Revision 9 (2026) Annotated for Stat",2020-07-01
TMEC,3704,CTC,CTH,,,,"[AUTO-GN11 cap.37] headings 3704 through 3707 from any other heading, including another heading within that group.",2020-07-01
TMEC,3705,CTC,CTH,,,,"[AUTO-GN11 cap.37] headings 3704 through 3707 from any other heading, including another heading within that group.",2020-07-01
TMEC,3706,CTC,CTH,,,,"[AUTO-GN11 cap.37] headings 3704 through 3707 from any other heading, including another heading within that group.",2020-07-01
TMEC,3707,CTC,CTH,,,,"[AUTO-GN11 cap.37] headings 3704 through 3707 from any other heading, including another heading within that group.",2020-07-01
TMEC,3801,CTC,CTSH,,,,"[AUTO-GN11 cap.38] subheadings 3801.10 through 3807.00 from any other subheading, including another subheading within that group; or (B) No change in tariff classification to a good of subheadings 38",2020-07-01
TMEC,3802,CTC,CTSH,,,,"[AUTO-GN11 cap.38] subheadings 3801.10 through 3807.00 from any other subheading, including another subheading within that group; or (B) No change in tariff classification to a good of subheadings 38",2020-07-01
TMEC,3803,CTC,CTSH,,,,"[AUTO-GN11 cap.38] subheadings 3801.10 through 3807.00 from any other subheading, including another subheading within that group; or (B) No change in tariff classification to a good of subheadings 38",2020-07-01
TMEC,3804,CTC,CTSH,,,,"[AUTO-GN11 cap.38] subheadings 3801.10 through 3807.00 from any other subheading, including another subheading within that group; or (B) No change in tariff classification to a good of subheadings 38",2020-07-01
TMEC,3805,CTC,CTSH,,,,"[AUTO-GN11 cap.38] subheadings 3801.10 through 3807.00 from any other subheading, including another subheading within that group; or (B) No change in tariff classification to a good of subheadings 38",2020-07-01
TMEC,3806,CTC,CTSH,,,,"[AUTO-GN11 cap.38] subheadings 3801.10 through 3807.00 from any other subheading, including another subheading within that group; or (B) No change in tariff classification to a good of subheadings 38",2020-07-01
TMEC,3807,CTC,CTSH,,,,"[AUTO-GN11 cap.38] subheadings 3801.10 through 3807.00 from any other subheading, including another subheading within that group; or (B) No change in tariff classification to a good of subheadings 38",2020-07-01
TMEC,3808,CTC,CTSH,,,,"[AUTO-GN11 cap.38] subheadings 3808.50 through 3808.99 from any other subheading, including another subheading within that group, provided that not less than 50 percent by weight of the total active ",2020-07-01
TMEC,3809,CTC,CTSH,,,,"[AUTO-GN11 cap.38] subheadings 3809.10 through 3821.00 from any other subheading, including another subheading within that group; or (B) No change in tariff classification to a good of subheadings 38",2020-07-01
TMEC,3810,CTC,CTSH,,,,"[AUTO-GN11 cap.38] subheadings 3809.10 through 3821.00 from any other subheading, including another subheading within that group; or (B) No change in tariff classification to a good of subheadings 38",2020-07-01
TMEC,3811,CTC,CTSH,,,,"[AUTO-GN11 cap.38] subheadings 3809.10 through 3821.00 from any other subheading, including another subheading within that group; or (B) No change in tariff classification to a good of subheadings 38",2020-07-01
TMEC,3812,CTC,CTSH,,,,"[AUTO-GN11 cap.38] subheadings 3809.10 through 3821.00 from any other subheading, including another subheading within that group; or (B) No change in tariff classification to a good of subheadings 38",2020-07-01
TMEC,3813,CTC,CTSH,,,,"[AUTO-GN11 cap.38] subheadings 3809.10 through 3821.00 from any other subheading, including another subheading within that group; or (B) No change in tariff classification to a good of subheadings 38",2020-07-01
TMEC,3814,CTC,CTSH,,,,"[AUTO-GN11 cap.38] subheadings 3809.10 through 3821.00 from any other subheading, including another subheading within that group; or (B) No change in tariff classification to a good of subheadings 38",2020-07-01
TMEC,3815,CTC,CTSH,,,,"[AUTO-GN11 cap.38] subheadings 3809.10 through 3821.00 from any other subheading, including another subheading within that group; or (B) No change in tariff classification to a good of subheadings 38",2020-07-01
TMEC,3816,CTC,CTSH,,,,"[AUTO-GN11 cap.38] subheadings 3809.10 through 3821.00 from any other subheading, including another subheading within that group; or (B) No change in tariff classification to a good of subheadings 38",2020-07-01
TMEC,3817,CTC,CTSH,,,,"[AUTO-GN11 cap.38] subheadings 3809.10 through 3821.00 from any other subheading, including another subheading within that group; or (B) No change in tariff classification to a good of subheadings 38",2020-07-01
TMEC,3818,CTC,CTSH,,,,"[AUTO-GN11 cap.38] subheadings 3809.10 through 3821.00 from any other subheading, including another subheading within that group; or (B) No change in tariff classification to a good of subheadings 38",2020-07-01
TMEC,3819,CTC,CTSH,,,,"[AUTO-GN11 cap.38] subheadings 3809.10 through 3821.00 from any other subheading, including another subheading within that group; or (B) No change in tariff classification to a good of subheadings 38",2020-07-01
TMEC,3820,CTC,CTSH,,,,"[AUTO-GN11 cap.38] subheadings 3809.10 through 3821.00 from any other subheading, including another subheading within that group; or (B) No change in tariff classification to a good of subheadings 38",2020-07-01
TMEC,3821,CTC,CTSH,,,,"[AUTO-GN11 cap.38] subheadings 3809.10 through 3821.00 from any other subheading, including another subheading within that group; or (B) No change in tariff classification to a good of subheadings 38",2020-07-01
TMEC,3822,CTC,CTH,,,,[AUTO-GN11 cap.38] heading 3822 from any other heading. 5. (A),2020-07-01
TMEC,3823,CTC,CTSH,,,,"[AUTO-GN11 cap.38] subheadings 3823.11 through 3826.00 from any other subheading, including another subheading within that group; or (B) No change in tariff classification to a good of subheadings 38",2020-07-01
TMEC,3824,CTC,CTSH,,,,"[AUTO-GN11 cap.38] subheadings 3823.11 through 3826.00 from any other subheading, including another subheading within that group; or (B) No change in tariff classification to a good of subheadings 38",2020-07-01
TMEC,3825,CTC,CTSH,,,,"[AUTO-GN11 cap.38] subheadings 3823.11 through 3826.00 from any other subheading, including another subheading within that group; or (B) No change in tariff classification to a good of subheadings 38",2020-07-01
TMEC,3826,CTC,CTSH,,,,"[AUTO-GN11 cap.38] subheadings 3823.11 through 3826.00 from any other subheading, including another subheading within that group; or (B) No change in tariff classification to a good of subheadings 38",2020-07-01
TMEC,3901,CTC,CTH,,,,"[AUTO-GN11 cap.39] headings 3901 through 3915 from any other heading, including another heading within that group, provided that the originating polymer content of headings 3901 through 3915 is not l",2020-07-01
TMEC,3902,CTC,CTH,,,,"[AUTO-GN11 cap.39] headings 3901 through 3915 from any other heading, including another heading within that group, provided that the originating polymer content of headings 3901 through 3915 is not l",2020-07-01
TMEC,3903,CTC,CTH,,,,"[AUTO-GN11 cap.39] headings 3901 through 3915 from any other heading, including another heading within that group, provided that the originating polymer content of headings 3901 through 3915 is not l",2020-07-01
TMEC,3904,CTC,CTH,,,,"[AUTO-GN11 cap.39] headings 3901 through 3915 from any other heading, including another heading within that group, provided that the originating polymer content of headings 3901 through 3915 is not l",2020-07-01
TMEC,3905,CTC,CTH,,,,"[AUTO-GN11 cap.39] headings 3901 through 3915 from any other heading, including another heading within that group, provided that the originating polymer content of headings 3901 through 3915 is not l",2020-07-01
TMEC,3906,CTC,CTH,,,,"[AUTO-GN11 cap.39] headings 3901 through 3915 from any other heading, including another heading within that group, provided that the originating polymer content of headings 3901 through 3915 is not l",2020-07-01
TMEC,3907,CTC,CTH,,,,"[AUTO-GN11 cap.39] headings 3901 through 3915 from any other heading, including another heading within that group, provided that the originating polymer content of headings 3901 through 3915 is not l",2020-07-01
TMEC,3908,CTC,CTH,,,,"[AUTO-GN11 cap.39] headings 3901 through 3915 from any other heading, including another heading within that group, provided that the originating polymer content of headings 3901 through 3915 is not l",2020-07-01
TMEC,3909,CTC,CTH,,,,"[AUTO-GN11 cap.39] headings 3901 through 3915 from any other heading, including another heading within that group, provided that the originating polymer content of headings 3901 through 3915 is not l",2020-07-01
TMEC,3910,CTC,CTH,,,,"[AUTO-GN11 cap.39] headings 3901 through 3915 from any other heading, including another heading within that group, provided that the originating polymer content of headings 3901 through 3915 is not l",2020-07-01
TMEC,3911,CTC,CTH,,,,"[AUTO-GN11 cap.39] headings 3901 through 3915 from any other heading, including another heading within that group, provided that the originating polymer content of headings 3901 through 3915 is not l",2020-07-01
TMEC,3912,CTC,CTH,,,,"[AUTO-GN11 cap.39] headings 3901 through 3915 from any other heading, including another heading within that group, provided that the originating polymer content of headings 3901 through 3915 is not l",2020-07-01
TMEC,3913,CTC,CTH,,,,"[AUTO-GN11 cap.39] headings 3901 through 3915 from any other heading, including another heading within that group, provided that the originating polymer content of headings 3901 through 3915 is not l",2020-07-01
TMEC,3914,CTC,CTH,,,,"[AUTO-GN11 cap.39] headings 3901 through 3915 from any other heading, including another heading within that group, provided that the originating polymer content of headings 3901 through 3915 is not l",2020-07-01
TMEC,3915,CTC,CTH,,,,"[AUTO-GN11 cap.39] headings 3901 through 3915 from any other heading, including another heading within that group, provided that the originating polymer content of headings 3901 through 3915 is not l",2020-07-01
TMEC,3916,CTC,CTH,,,,"[AUTO-GN11 cap.39] headings 3916 through 3926 from any other heading, including another heading within that group.",2020-07-01
TMEC,3917,CTC,CTH,,,,"[AUTO-GN11 cap.39] headings 3916 through 3926 from any other heading, including another heading within that group.",2020-07-01
TMEC,3918,CTC,CTH,,,,"[AUTO-GN11 cap.39] headings 3916 through 3926 from any other heading, including another heading within that group.",2020-07-01
TMEC,3919,CTC,CTH,,,,"[AUTO-GN11 cap.39] headings 3916 through 3926 from any other heading, including another heading within that group.",2020-07-01
TMEC,3920,CTC,CTH,,,,"[AUTO-GN11 cap.39] headings 3916 through 3926 from any other heading, including another heading within that group.",2020-07-01
TMEC,3921,CTC,CTH,,,,"[AUTO-GN11 cap.39] headings 3916 through 3926 from any other heading, including another heading within that group.",2020-07-01
TMEC,3922,CTC,CTH,,,,"[AUTO-GN11 cap.39] headings 3916 through 3926 from any other heading, including another heading within that group.",2020-07-01
TMEC,3923,CTC,CTH,,,,"[AUTO-GN11 cap.39] headings 3916 through 3926 from any other heading, including another heading within that group.",2020-07-01
TMEC,3924,CTC,CTH,,,,"[AUTO-GN11 cap.39] headings 3916 through 3926 from any other heading, including another heading within that group.",2020-07-01
TMEC,3925,CTC,CTH,,,,"[AUTO-GN11 cap.39] headings 3916 through 3926 from any other heading, including another heading within that group.",2020-07-01
TMEC,3926,CTC,CTH,,,,"[AUTO-GN11 cap.39] headings 3916 through 3926 from any other heading, including another heading within that group.",2020-07-01
TMEC,4001,CTC,CTSH,,,,"[AUTO-GN11 cap.40] subheadings 4001.10 through 4002.99 from any other subheading, including another subheading within that group. 2.",2020-07-01
TMEC,4002,CTC,CTSH,,,,"[AUTO-GN11 cap.40] subheadings 4001.10 through 4002.99 from any other subheading, including another subheading within that group. 2.",2020-07-01
TMEC,4003,CTC,CTH,,,,"[AUTO-GN11 cap.40] headings 4003 through 4004 from any other heading, including another heading within that group. Harmonized Tariff Schedule of the United States Revision 9 (2026) Annotated for Stat",2020-07-01
TMEC,4004,CTC,CTH,,,,"[AUTO-GN11 cap.40] headings 4003 through 4004 from any other heading, including another heading within that group. Harmonized Tariff Schedule of the United States Revision 9 (2026) Annotated for Stat",2020-07-01
TMEC,4005,CTC,CTH,,,,"[AUTO-GN11 cap.40] headings 4005 through 4006 from any other heading, including another heading within that group, except from heading 4001; or (B)",2020-07-01
TMEC,4006,CTC,CTH,,,,"[AUTO-GN11 cap.40] headings 4005 through 4006 from any other heading, including another heading within that group, except from heading 4001; or (B)",2020-07-01
TMEC,400911,CTC,CTH,,,,"[AUTO-GN11 cap.40] subheading 4009.11 from any other heading, except from headings 4010 through 4017. Subheading rule: The underscoring of the designations in subdivision 6 pertains to goods provided",2020-07-01
TMEC,400912,CTC,CTH,,,,"[AUTO-GN11 cap.40] tubes, pipes, or hoses of subheading 4009.12, of a kind for use in a motor vehicle of tariff items 8702.10.60, 8702.90.30 or 8702.90.60, subheadings 8703.21 through 8703.90, 8704.2",2020-07-01
TMEC,400921,CTC,CTH,,,,"[AUTO-GN11 cap.40] subheading 4009.21 from any other heading, except from headings 4010 through 4017. Subheading rule: The underscoring of the designations in subdivision 8 pertain to goods provided ",2020-07-01
TMEC,400922,CTC,CTH,,,,"[AUTO-GN11 cap.40] tubes, pipes, or hoses of subheading 4009.22, of a kind for use in a motor vehicle of tariff items 8702.10.60, 8702.90.30 or 8702.90.60, subheadings 8703.21 through 8703.90, 8704.2",2020-07-01
TMEC,400931,CTC,CTH,,,,"[AUTO-GN11 cap.40] subheading 4009.31 from any other heading, except from headings 4010 through 4017. Subheading rule: The underscoring of the designations in subdivision 10 pertain to goods provided",2020-07-01
TMEC,400932,CTC,CTH,,,,"[AUTO-GN11 cap.40] tubes, pipes, or hoses of subheading 4009.32, of a kind for use in a motor vehicle of tariff items 8702.10.6, 8702.90.30 or 8702.90.60, subheadings 8703.21 through 8703.90, 8704.21",2020-07-01
TMEC,400941,CTC,CTH,,,,"[AUTO-GN11 cap.40] subheading 4009.41 from any other heading, except from headings 4010 through 4017. Subheading rule: The underscoring of the designations in subdivision 12 pertain to goods provided",2020-07-01
TMEC,400942,CTC,CTH,,,,"[AUTO-GN11 cap.40] tubes, pipes, or hoses of subheading 4009.42, of a kind for use in a motor vehicle of tariff items 8702.10.60, 8702.90.30 or 8702.90.60, subheadings 8703.21 through 8703.90, 8704.2",2020-07-01
TMEC,4010,CTC,CTH,,,,"[AUTO-GN11 cap.40] headings 4010 through 4011 from any other heading, except from headings 4009 through 4017. 14.",2020-07-01
TMEC,4011,CTC,CTH,,,,"[AUTO-GN11 cap.40] headings 4010 through 4011 from any other heading, except from headings 4009 through 4017. 14.",2020-07-01
TMEC,4012,CTC,CTH,,,,[AUTO-GN11 cap.40] subheadings 4012.20 through 4012.90 from any other heading. 16.,2020-07-01
TMEC,4013,CTC,CTH,,,,"[AUTO-GN11 cap.40] headings 4013 through 4015 from any other heading, including another heading within that group. Harmonized Tariff Schedule of the United States Revision 9 (2026) Annotated for Stat",2020-07-01
TMEC,4014,CTC,CTH,,,,"[AUTO-GN11 cap.40] headings 4013 through 4015 from any other heading, including another heading within that group. Harmonized Tariff Schedule of the United States Revision 9 (2026) Annotated for Stat",2020-07-01
TMEC,4015,CTC,CTH,,,,"[AUTO-GN11 cap.40] headings 4013 through 4015 from any other heading, including another heading within that group. Harmonized Tariff Schedule of the United States Revision 9 (2026) Annotated for Stat",2020-07-01
TMEC,4016,CTC,CTH,,,,[AUTO-GN11 cap.40] subheadings 4016.10 through 4016.95 from any other heading. Subheading rule: The underscoring of the designations in subdivisions 18 and 19 pertain to goods provided for in subhead,2020-07-01
TMEC,401699,CTC,CTH,,,,[AUTO-GN11 cap.40] subheading 4016.99 from any other heading. 20.,2020-07-01
TMEC,4017,CTC,CTH,,,,[AUTO-GN11 cap.40] heading 4017 from any other heading.,2020-07-01
TMEC,4101,CTC,CC,,,,[AUTO-GN11 cap.41] any other good of heading 4101 from any other chapter. 2. (A),2020-07-01
TMEC,4102,CTC,CC,,,,[AUTO-GN11 cap.41] any other good of heading 4102 from any other chapter. 3. (A),2020-07-01
TMEC,4103,CTC,CC,,,,"[AUTO-GN11 cap.41] hides or skins of camels or dromedaries of heading 4103 from any other chapter, except from chapter 43; or (C)",2020-07-01
TMEC,4104,CTC,CTH,,,,"[AUTO-GN11 cap.41] heading 4104 from any other heading, except from 4107. 5.",2020-07-01
TMEC,4201,CTC,CC,,,,[AUTO-GN11 cap.42] heading 4201 from any other chapter. 2.,2020-07-01
TMEC,420211,CTC,CC,,,,[AUTO-GN11 cap.42] subheading 4202.11 from any other chapter. 3.,2020-07-01
TMEC,420212,CTC,CC,,,,"[AUTO-GN11 cap.42] subheading 4202.12 from any other chapter, except from headings 5407, 5408 or 5512 through 5516, or fabric of man-made fibers of subheading 5903.10, fabric of man-made fibers of su",2020-07-01
TMEC,4202,CTC,CC,,,,[AUTO-GN11 cap.42] subheadings 4202.19 through 4202.21 from any other chapter. 5.,2020-07-01
TMEC,420222,CTC,CC,,,,"[AUTO-GN11 cap.42] subheading 4202.22 from any other chapter, except from headings 5407, 5408 or 5512 through 5516, or fabric of man-made fibers of subheading 5903.10, fabric of man-made fibers of su",2020-07-01
TMEC,420232,CTC,CC,,,,"[AUTO-GN11 cap.42] subheading 4202.32 from any other chapter, except from headings 5407, 5408 or 5512 through 5516, or fabric of man-made fibers of subheading 5903.10, fabric of man-made fibers of su",2020-07-01
TMEC,420292,CTC,CC,,,,"[AUTO-GN11 cap.42] subheading 4202.92 from any other chapter, except from headings 5407, 5408 or 5512 through 5516, or fabric of man-made fibers of subheading 5903.10, fabric of man-made fibers of su",2020-07-01
TMEC,420299,CTC,CC,,,,[AUTO-GN11 cap.42] subheading 4202.99 from any other chapter. 11.,2020-07-01
TMEC,4203,CTC,CC,,,,[AUTO-GN11 cap.42] headings 4203 through 4206 from any other chapter.,2020-07-01
TMEC,4204,CTC,CC,,,,[AUTO-GN11 cap.42] headings 4203 through 4206 from any other chapter.,2020-07-01
TMEC,4205,CTC,CC,,,,[AUTO-GN11 cap.42] headings 4203 through 4206 from any other chapter.,2020-07-01
TMEC,4206,CTC,CC,,,,[AUTO-GN11 cap.42] headings 4203 through 4206 from any other chapter.,2020-07-01
TMEC,4301,CTC,CC,,,,[AUTO-GN11 cap.43] heading 4301 from any other chapter. 2.,2020-07-01
TMEC,4302,CTC,CTH,,,,[AUTO-GN11 cap.43] heading 4302 from any other heading. 3.,2020-07-01
TMEC,4401,CTC,CTH,,,,"[AUTO-GN11 cap.44] headings 4401 through 4421 from any other heading, including another heading within that group. Harmonized Tariff Schedule of the United States Revision 9 (2026) Annotated for Stat",2020-07-01
TMEC,4402,CTC,CTH,,,,"[AUTO-GN11 cap.44] headings 4401 through 4421 from any other heading, including another heading within that group. Harmonized Tariff Schedule of the United States Revision 9 (2026) Annotated for Stat",2020-07-01
TMEC,4403,CTC,CTH,,,,"[AUTO-GN11 cap.44] headings 4401 through 4421 from any other heading, including another heading within that group. Harmonized Tariff Schedule of the United States Revision 9 (2026) Annotated for Stat",2020-07-01
TMEC,4404,CTC,CTH,,,,"[AUTO-GN11 cap.44] headings 4401 through 4421 from any other heading, including another heading within that group. Harmonized Tariff Schedule of the United States Revision 9 (2026) Annotated for Stat",2020-07-01
TMEC,4405,CTC,CTH,,,,"[AUTO-GN11 cap.44] headings 4401 through 4421 from any other heading, including another heading within that group. Harmonized Tariff Schedule of the United States Revision 9 (2026) Annotated for Stat",2020-07-01
TMEC,4406,CTC,CTH,,,,"[AUTO-GN11 cap.44] headings 4401 through 4421 from any other heading, including another heading within that group. Harmonized Tariff Schedule of the United States Revision 9 (2026) Annotated for Stat",2020-07-01
TMEC,4407,CTC,CTH,,,,"[AUTO-GN11 cap.44] headings 4401 through 4421 from any other heading, including another heading within that group. Harmonized Tariff Schedule of the United States Revision 9 (2026) Annotated for Stat",2020-07-01
TMEC,4408,CTC,CTH,,,,"[AUTO-GN11 cap.44] headings 4401 through 4421 from any other heading, including another heading within that group. Harmonized Tariff Schedule of the United States Revision 9 (2026) Annotated for Stat",2020-07-01
TMEC,4409,CTC,CTH,,,,"[AUTO-GN11 cap.44] headings 4401 through 4421 from any other heading, including another heading within that group. Harmonized Tariff Schedule of the United States Revision 9 (2026) Annotated for Stat",2020-07-01
TMEC,4410,CTC,CTH,,,,"[AUTO-GN11 cap.44] headings 4401 through 4421 from any other heading, including another heading within that group. Harmonized Tariff Schedule of the United States Revision 9 (2026) Annotated for Stat",2020-07-01
TMEC,4411,CTC,CTH,,,,"[AUTO-GN11 cap.44] headings 4401 through 4421 from any other heading, including another heading within that group. Harmonized Tariff Schedule of the United States Revision 9 (2026) Annotated for Stat",2020-07-01
TMEC,4412,CTC,CTH,,,,"[AUTO-GN11 cap.44] headings 4401 through 4421 from any other heading, including another heading within that group. Harmonized Tariff Schedule of the United States Revision 9 (2026) Annotated for Stat",2020-07-01
TMEC,4413,CTC,CTH,,,,"[AUTO-GN11 cap.44] headings 4401 through 4421 from any other heading, including another heading within that group. Harmonized Tariff Schedule of the United States Revision 9 (2026) Annotated for Stat",2020-07-01
TMEC,4414,CTC,CTH,,,,"[AUTO-GN11 cap.44] headings 4401 through 4421 from any other heading, including another heading within that group. Harmonized Tariff Schedule of the United States Revision 9 (2026) Annotated for Stat",2020-07-01
TMEC,4415,CTC,CTH,,,,"[AUTO-GN11 cap.44] headings 4401 through 4421 from any other heading, including another heading within that group. Harmonized Tariff Schedule of the United States Revision 9 (2026) Annotated for Stat",2020-07-01
TMEC,4416,CTC,CTH,,,,"[AUTO-GN11 cap.44] headings 4401 through 4421 from any other heading, including another heading within that group. Harmonized Tariff Schedule of the United States Revision 9 (2026) Annotated for Stat",2020-07-01
TMEC,4417,CTC,CTH,,,,"[AUTO-GN11 cap.44] headings 4401 through 4421 from any other heading, including another heading within that group. Harmonized Tariff Schedule of the United States Revision 9 (2026) Annotated for Stat",2020-07-01
TMEC,4418,CTC,CTH,,,,"[AUTO-GN11 cap.44] headings 4401 through 4421 from any other heading, including another heading within that group. Harmonized Tariff Schedule of the United States Revision 9 (2026) Annotated for Stat",2020-07-01
TMEC,4419,CTC,CTH,,,,"[AUTO-GN11 cap.44] headings 4401 through 4421 from any other heading, including another heading within that group. Harmonized Tariff Schedule of the United States Revision 9 (2026) Annotated for Stat",2020-07-01
TMEC,4420,CTC,CTH,,,,"[AUTO-GN11 cap.44] headings 4401 through 4421 from any other heading, including another heading within that group. Harmonized Tariff Schedule of the United States Revision 9 (2026) Annotated for Stat",2020-07-01
TMEC,4421,CTC,CTH,,,,"[AUTO-GN11 cap.44] headings 4401 through 4421 from any other heading, including another heading within that group. Harmonized Tariff Schedule of the United States Revision 9 (2026) Annotated for Stat",2020-07-01
TMEC,4501,CTC,CTH,,,,"[AUTO-GN11 cap.45] headings 4501 through 4502 from any other heading, including another heading within that group. 2.",2020-07-01
TMEC,4502,CTC,CTH,,,,"[AUTO-GN11 cap.45] headings 4501 through 4502 from any other heading, including another heading within that group. 2.",2020-07-01
TMEC,450390,CTC,CTH,,,,[AUTO-GN11 cap.45] subheading 4503.90 from any other heading. 4.,2020-07-01
TMEC,4504,CTC,CTH,,,,[AUTO-GN11 cap.45] heading 4504 from any other heading.,2020-07-01
TMEC,4601,CTC,CC,,,,[AUTO-GN11 cap.46] heading 4601 from any other chapter. 2.,2020-07-01
TMEC,4602,CTC,CTH,,,,[AUTO-GN11 cap.46] heading 4602 from any other heading.,2020-07-01
TMEC,4701,CTC,CC,,,,[AUTO-GN11 cap.47] headings 4701 through 4707 from any other chapter.,2020-07-01
TMEC,4702,CTC,CC,,,,[AUTO-GN11 cap.47] headings 4701 through 4707 from any other chapter.,2020-07-01
TMEC,4703,CTC,CC,,,,[AUTO-GN11 cap.47] headings 4701 through 4707 from any other chapter.,2020-07-01
TMEC,4704,CTC,CC,,,,[AUTO-GN11 cap.47] headings 4701 through 4707 from any other chapter.,2020-07-01
TMEC,4705,CTC,CC,,,,[AUTO-GN11 cap.47] headings 4701 through 4707 from any other chapter.,2020-07-01
TMEC,4706,CTC,CC,,,,[AUTO-GN11 cap.47] headings 4701 through 4707 from any other chapter.,2020-07-01
TMEC,4707,CTC,CC,,,,[AUTO-GN11 cap.47] headings 4701 through 4707 from any other chapter.,2020-07-01
TMEC,4801,CTC,CC,,,,[AUTO-GN11 cap.48] heading 4801 from any other chapter. 2. (A),2020-07-01
TMEC,4802,CTC,CTH,,,,[AUTO-GN11 cap.48] paper or paperboard in rectangular (including square) sheets with the larger dimension not exceeding 36 cm or the other dimension not exceeding 15 cm in the unfolded state of headi,2020-07-01
TMEC,4803,CTC,CC,,,,[AUTO-GN11 cap.48] headings 4803 through 4807 from any other chapter. 4.,2020-07-01
TMEC,4804,CTC,CC,,,,[AUTO-GN11 cap.48] headings 4803 through 4807 from any other chapter. 4.,2020-07-01
TMEC,4805,CTC,CC,,,,[AUTO-GN11 cap.48] headings 4803 through 4807 from any other chapter. 4.,2020-07-01
TMEC,4806,CTC,CC,,,,[AUTO-GN11 cap.48] headings 4803 through 4807 from any other chapter. 4.,2020-07-01
TMEC,4807,CTC,CC,,,,[AUTO-GN11 cap.48] headings 4803 through 4807 from any other chapter. 4.,2020-07-01
TMEC,4810,CTC,CTH,,,,"[AUTO-GN11 cap.48] paper or paperboard in strips or rolls of a width not exceeding 15 cm of heading 4810 from strips or rolls of a width exceeding 15 cm of heading 4810, or from any other heading, ex",2020-07-01
TMEC,4811,CTC,CTH,,,,"[AUTO-GN11 cap.48] paper or paperboard in strips or rolls of a width not exceeding 15 cm of heading 4811 from strips or rolls of a width exceeding 15 cm of heading 4811, floor coverings on a base of ",2020-07-01
TMEC,4812,CTC,CC,,,,[AUTO-GN11 cap.48] headings 4812 through 4813 from any other chapter. 8.,2020-07-01
TMEC,4813,CTC,CC,,,,[AUTO-GN11 cap.48] headings 4812 through 4813 from any other chapter. 8.,2020-07-01
TMEC,4814,CTC,CTH,,,,"[AUTO-GN11 cap.48] heading 4814 from any other heading, except from floor coverings on a base of paper or paperboard of heading 4811. 9.",2020-07-01
TMEC,4816,CTC,CTH,,,,"[AUTO-GN11 cap.48] heading 4816 from any other heading, except from heading 4809. 10.",2020-07-01
TMEC,4823,CTC,CTH,,,,"[AUTO-GN11 cap.48] strips or rolls of a width of 15 cm or less of heading 4823 from strips or rolls of a width exceeding 15 cm of heading 4823, other than strips or rolls of heading 4823 which, but f",2020-07-01
TMEC,4901,CTC,CC,,,,[AUTO-GN11 cap.49] headings 4901 through 4911 from any other chapter.,2020-07-01
TMEC,4902,CTC,CC,,,,[AUTO-GN11 cap.49] headings 4901 through 4911 from any other chapter.,2020-07-01
TMEC,4903,CTC,CC,,,,[AUTO-GN11 cap.49] headings 4901 through 4911 from any other chapter.,2020-07-01
TMEC,4904,CTC,CC,,,,[AUTO-GN11 cap.49] headings 4901 through 4911 from any other chapter.,2020-07-01
TMEC,4905,CTC,CC,,,,[AUTO-GN11 cap.49] headings 4901 through 4911 from any other chapter.,2020-07-01
TMEC,4906,CTC,CC,,,,[AUTO-GN11 cap.49] headings 4901 through 4911 from any other chapter.,2020-07-01
TMEC,4907,CTC,CC,,,,[AUTO-GN11 cap.49] headings 4901 through 4911 from any other chapter.,2020-07-01
TMEC,4908,CTC,CC,,,,[AUTO-GN11 cap.49] headings 4901 through 4911 from any other chapter.,2020-07-01
TMEC,4909,CTC,CC,,,,[AUTO-GN11 cap.49] headings 4901 through 4911 from any other chapter.,2020-07-01
TMEC,4910,CTC,CC,,,,[AUTO-GN11 cap.49] headings 4901 through 4911 from any other chapter.,2020-07-01
TMEC,4911,CTC,CC,,,,[AUTO-GN11 cap.49] headings 4901 through 4911 from any other chapter.,2020-07-01
TMEC,5001,CTC,CC,,,,[AUTO-GN11 cap.50] headings 5001 through 5003 from any other chapter. 2.,2020-07-01
TMEC,5002,CTC,CC,,,,[AUTO-GN11 cap.50] headings 5001 through 5003 from any other chapter. 2.,2020-07-01
TMEC,5003,CTC,CC,,,,[AUTO-GN11 cap.50] headings 5001 through 5003 from any other chapter. 2.,2020-07-01
TMEC,5007,CTC,CTH,,,,[AUTO-GN11 cap.50] heading 5007 from any other heading.,2020-07-01
TMEC,5101,CTC,CC,,,,[AUTO-GN11 cap.51] headings 5101 through 5105 from any other chapter. 2.,2020-07-01
TMEC,5102,CTC,CC,,,,[AUTO-GN11 cap.51] headings 5101 through 5105 from any other chapter. 2.,2020-07-01
TMEC,5103,CTC,CC,,,,[AUTO-GN11 cap.51] headings 5101 through 5105 from any other chapter. 2.,2020-07-01
TMEC,5104,CTC,CC,,,,[AUTO-GN11 cap.51] headings 5101 through 5105 from any other chapter. 2.,2020-07-01
TMEC,5105,CTC,CC,,,,[AUTO-GN11 cap.51] headings 5101 through 5105 from any other chapter. 2.,2020-07-01
TMEC,511211,CTC,CTH,,,,"[AUTO-GN11 cap.51] any other good of subheading 5112.11 from any other heading, except from headings 5106 through 5111 or 5113, 5205 through 5206, 5401 through 5404 or 5509 through 5510. For the purp",2020-07-01
TMEC,511219,CTC,CTH,,,,"[AUTO-GN11 cap.51] any other good of subheading 5112.19 from any other heading, except from headings 5106 through 5110, 5111, 5113, 5205 through 5206, 5401 through 5404 or 5509 through 5510. For the ",2020-07-01
TMEC,5112,CTC,CTH,,,,"[AUTO-GN11 cap.51] subheadings 5112.20 through 5112.90 from any other heading, except from headings 5106 through 5111 or 5113, 5205 through 5206, 5401 through 5404 or 5509 through 5510. 5.",2020-07-01
TMEC,5113,CTC,CTH,,,,"[AUTO-GN11 cap.51] heading 5113 from any other heading, except from headings 5106 through 5112, 5205 through 5206, 5401 through 5404 or 5509 through 5510.",2020-07-01
TMEC,5201,CTC,CC,,,,"[AUTO-GN11 cap.52] headings 5201 through 5207 from any other chapter, except from headings 5401 through 5405 or 5501 through 5507. 2.",2020-07-01
TMEC,5202,CTC,CC,,,,"[AUTO-GN11 cap.52] headings 5201 through 5207 from any other chapter, except from headings 5401 through 5405 or 5501 through 5507. 2.",2020-07-01
TMEC,5203,CTC,CC,,,,"[AUTO-GN11 cap.52] headings 5201 through 5207 from any other chapter, except from headings 5401 through 5405 or 5501 through 5507. 2.",2020-07-01
TMEC,5204,CTC,CC,,,,"[AUTO-GN11 cap.52] headings 5201 through 5207 from any other chapter, except from headings 5401 through 5405 or 5501 through 5507. 2.",2020-07-01
TMEC,5205,CTC,CC,,,,"[AUTO-GN11 cap.52] headings 5201 through 5207 from any other chapter, except from headings 5401 through 5405 or 5501 through 5507. 2.",2020-07-01
TMEC,5206,CTC,CC,,,,"[AUTO-GN11 cap.52] headings 5201 through 5207 from any other chapter, except from headings 5401 through 5405 or 5501 through 5507. 2.",2020-07-01
TMEC,5207,CTC,CC,,,,"[AUTO-GN11 cap.52] headings 5201 through 5207 from any other chapter, except from headings 5401 through 5405 or 5501 through 5507. 2.",2020-07-01
TMEC,5301,CTC,CC,,,,[AUTO-GN11 cap.53] headings 5301 through 5305 from any other chapter. 2.,2020-07-01
TMEC,5302,CTC,CC,,,,[AUTO-GN11 cap.53] headings 5301 through 5305 from any other chapter. 2.,2020-07-01
TMEC,5303,CTC,CC,,,,[AUTO-GN11 cap.53] headings 5301 through 5305 from any other chapter. 2.,2020-07-01
TMEC,5304,CTC,CC,,,,[AUTO-GN11 cap.53] headings 5301 through 5305 from any other chapter. 2.,2020-07-01
TMEC,5305,CTC,CC,,,,[AUTO-GN11 cap.53] headings 5301 through 5305 from any other chapter. 2.,2020-07-01
TMEC,5309,CTC,CTH,,,,[AUTO-GN11 cap.53] headings 5309 through 5311 from any other heading.,2020-07-01
TMEC,5310,CTC,CTH,,,,[AUTO-GN11 cap.53] headings 5309 through 5311 from any other heading.,2020-07-01
TMEC,5311,CTC,CTH,,,,[AUTO-GN11 cap.53] headings 5309 through 5311 from any other heading.,2020-07-01
TMEC,5401,CTC,CC,,,,"[AUTO-GN11 cap.54] headings 5401 through 5406 from any other chapter, except from headings 5201 through 5203 or 5501 through 5507. 2. (A)",2020-07-01
TMEC,5402,CTC,CC,,,,"[AUTO-GN11 cap.54] headings 5401 through 5406 from any other chapter, except from headings 5201 through 5203 or 5501 through 5507. 2. (A)",2020-07-01
TMEC,5403,CTC,CC,,,,"[AUTO-GN11 cap.54] headings 5401 through 5406 from any other chapter, except from headings 5201 through 5203 or 5501 through 5507. 2. (A)",2020-07-01
TMEC,5404,CTC,CC,,,,"[AUTO-GN11 cap.54] headings 5401 through 5406 from any other chapter, except from headings 5201 through 5203 or 5501 through 5507. 2. (A)",2020-07-01
TMEC,5405,CTC,CC,,,,"[AUTO-GN11 cap.54] headings 5401 through 5406 from any other chapter, except from headings 5201 through 5203 or 5501 through 5507. 2. (A)",2020-07-01
TMEC,5406,CTC,CC,,,,"[AUTO-GN11 cap.54] headings 5401 through 5406 from any other chapter, except from headings 5201 through 5203 or 5501 through 5507. 2. (A)",2020-07-01
TMEC,5407,CTC,CC,,,,"[AUTO-GN11 cap.54] any other good of heading 5407 from any other chapter, except from headings 5106 through 5110, 5205 through 5206 or 5509 through 5510. Harmonized Tariff Schedule of the United Stat",2020-07-01
TMEC,5408,CTC,CC,,,,"[AUTO-GN11 cap.54] heading 5408 from any other chapter, except from headings 5106 through 5110, 5205 through 5206, or 5509 through 5510.",2020-07-01
TMEC,5501,CTC,CC,,,,"[AUTO-GN11 cap.55] headings 5501 through 5508 from any other chapter, except from headings 5201 through 5203 or 5401 through 5405. 2.",2020-07-01
TMEC,5502,CTC,CC,,,,"[AUTO-GN11 cap.55] headings 5501 through 5508 from any other chapter, except from headings 5201 through 5203 or 5401 through 5405. 2.",2020-07-01
TMEC,5503,CTC,CC,,,,"[AUTO-GN11 cap.55] headings 5501 through 5508 from any other chapter, except from headings 5201 through 5203 or 5401 through 5405. 2.",2020-07-01
TMEC,5504,CTC,CC,,,,"[AUTO-GN11 cap.55] headings 5501 through 5508 from any other chapter, except from headings 5201 through 5203 or 5401 through 5405. 2.",2020-07-01
TMEC,5505,CTC,CC,,,,"[AUTO-GN11 cap.55] headings 5501 through 5508 from any other chapter, except from headings 5201 through 5203 or 5401 through 5405. 2.",2020-07-01
TMEC,5506,CTC,CC,,,,"[AUTO-GN11 cap.55] headings 5501 through 5508 from any other chapter, except from headings 5201 through 5203 or 5401 through 5405. 2.",2020-07-01
TMEC,5507,CTC,CC,,,,"[AUTO-GN11 cap.55] headings 5501 through 5508 from any other chapter, except from headings 5201 through 5203 or 5401 through 5405. 2.",2020-07-01
TMEC,5508,CTC,CC,,,,"[AUTO-GN11 cap.55] headings 5501 through 5508 from any other chapter, except from headings 5201 through 5203 or 5401 through 5405. 2.",2020-07-01
TMEC,5509,CTC,CC,,,,"[AUTO-GN11 cap.55] subheadings 5509.11 through 5509.22 from any other chapter, except from headings 5201 through 5203 or 5401 through 5405. Subheading rule: For the purposes of trade between the terr",2020-07-01
TMEC,550931,CTC,CC,,,,"[AUTO-GN11 cap.55] subheading 5509.31 from any other chapter, except from headings 5201 through 5203 or 5401 through 5405. 3.",2020-07-01
TMEC,5510,CTC,CC,,,,"[AUTO-GN11 cap.55] headings 5510 through 5511 from any other chapter, except from headings 5201 through 5203 or 5401 through 5405. 5.",2020-07-01
TMEC,5511,CTC,CC,,,,"[AUTO-GN11 cap.55] headings 5510 through 5511 from any other chapter, except from headings 5201 through 5203 or 5401 through 5405. 5.",2020-07-01
TMEC,5601,CTC,CC,,,,"[AUTO-GN11 cap.56] headings 5601 through 5605 from any other chapter, except from headings 5106 through 5113, 5204 through 5212, 5310 through 5311 or chapters 54 through 55. 2. (A)",2020-07-01
TMEC,5602,CTC,CC,,,,"[AUTO-GN11 cap.56] headings 5601 through 5605 from any other chapter, except from headings 5106 through 5113, 5204 through 5212, 5310 through 5311 or chapters 54 through 55. 2. (A)",2020-07-01
TMEC,5603,CTC,CC,,,,"[AUTO-GN11 cap.56] headings 5601 through 5605 from any other chapter, except from headings 5106 through 5113, 5204 through 5212, 5310 through 5311 or chapters 54 through 55. 2. (A)",2020-07-01
TMEC,5604,CTC,CC,,,,"[AUTO-GN11 cap.56] headings 5601 through 5605 from any other chapter, except from headings 5106 through 5113, 5204 through 5212, 5310 through 5311 or chapters 54 through 55. 2. (A)",2020-07-01
TMEC,5605,CTC,CC,,,,"[AUTO-GN11 cap.56] headings 5601 through 5605 from any other chapter, except from headings 5106 through 5113, 5204 through 5212, 5310 through 5311 or chapters 54 through 55. 2. (A)",2020-07-01
TMEC,5606,CTC,CC,,,,"[AUTO-GN11 cap.56] any other good of heading 5606 from any other chapter, except from headings 5106 through 5113, 5204 through 5212, 5310 through 5311, or chapters 54 through 55. 3.",2020-07-01
TMEC,5607,CTC,CC,,,,"[AUTO-GN11 cap.56] headings 5607 through 5609 from any other chapter, except from headings 5106 through 5113, 5204 through 5212, 5310 through 5311 or chapters 54 through 55.",2020-07-01
TMEC,5608,CTC,CC,,,,"[AUTO-GN11 cap.56] headings 5607 through 5609 from any other chapter, except from headings 5106 through 5113, 5204 through 5212, 5310 through 5311 or chapters 54 through 55.",2020-07-01
TMEC,5609,CTC,CC,,,,"[AUTO-GN11 cap.56] headings 5607 through 5609 from any other chapter, except from headings 5106 through 5113, 5204 through 5212, 5310 through 5311 or chapters 54 through 55.",2020-07-01
TMEC,5701,CTC,CC,,,,"[AUTO-GN11 cap.57] headings 5701 through 5702 from any other chapter, except from headings 5106 through 5113, 5204 through 5212, 5311, chapter 54 or headings 5508 through 5516. 2.",2020-07-01
TMEC,5702,CTC,CC,,,,"[AUTO-GN11 cap.57] headings 5701 through 5702 from any other chapter, except from headings 5106 through 5113, 5204 through 5212, 5311, chapter 54 or headings 5508 through 5516. 2.",2020-07-01
TMEC,570310,CTC,CC,,,,"[AUTO-GN11 cap.57] subheading 5703.10 from any other chapter, except from headings 5106 through 5113, 5204 through 5212, 5311, chapter 54 or headings 5508 through 5516. Chapter rule 1: For the purpos",2020-07-01
TMEC,5703,CTC,CC,,,,"[AUTO-GN11 cap.57] subheadings 5703.20 through 5703.30 from any other chapter, except from headings 5106 through 5113, 5204 through 5212, 5311, chapters 54 or 55. For the purposes of all other trade ",2020-07-01
TMEC,570390,CTC,CC,,,,"[AUTO-GN11 cap.57] subheading 5703.90 from any other chapter, except from headings 5106 through 5113, 5204 through 5212, 5311, chapter 54 or headings 5508 through 5516. Heading rule: For the purposes",2020-07-01
TMEC,5704,CTC,CC,,,,"[AUTO-GN11 cap.57] heading 5704 from any other chapter, except from headings 5106 through 5113, 5204 through 5212, 5311, chapter 54 or headings 5508 through 5516. 4.",2020-07-01
TMEC,5705,CTC,CC,,,,"[AUTO-GN11 cap.57] heading 5705 from any other chapter, except from headings 5106 through 5113, 5204 through 5212, 5311, chapter 54 or headings 5508 through 5516.",2020-07-01
TMEC,5801,CTC,CC,,,,"[AUTO-GN11 cap.58] subheadings 5801.10 through 5801.33 from any other chapter, except from headings 5106 through 5113, 5204 through 5212, 5310 through 5311, or chapters 54 through 55. Subheading rule",2020-07-01
TMEC,580136,CTC,CC,,,,"[AUTO-GN11 cap.58] subheading 5801.36 from any other chapter, except headings 5106 through 5113, 5204 through 5212, 5310 through 5311, chapter 54, headings 5501 through 5502, subheadings 5503.10 thro",2020-07-01
TMEC,580137,CTC,CC,,,,"[AUTO-GN11 cap.58] warp pile fabrics, cut, of subheading 5801.37 (if such fabrics are fabrics with pile of dry-spun acrylic staple fibers of subheading 5503.30 and dyed in the piece to a single unifo",2020-07-01
TMEC,580190,CTC,CC,,,,"[AUTO-GN11 cap.58] subheading 5801.90 from any other chapter, except from headings 5106 through 5113, 5204 through 5212, 5310 through 5311, or chapters 54 through 55. Harmonized Tariff Schedule of th",2020-07-01
TMEC,5802,CTC,CC,,,,"[AUTO-GN11 cap.58] headings 5802 through 5811 from any other chapter, except from headings 5106 through 5113, 5204 through 5212, 5310 through 5311, or chapters 54 through 55.",2020-07-01
TMEC,5803,CTC,CC,,,,"[AUTO-GN11 cap.58] headings 5802 through 5811 from any other chapter, except from headings 5106 through 5113, 5204 through 5212, 5310 through 5311, or chapters 54 through 55.",2020-07-01
TMEC,5804,CTC,CC,,,,"[AUTO-GN11 cap.58] headings 5802 through 5811 from any other chapter, except from headings 5106 through 5113, 5204 through 5212, 5310 through 5311, or chapters 54 through 55.",2020-07-01
TMEC,5805,CTC,CC,,,,"[AUTO-GN11 cap.58] headings 5802 through 5811 from any other chapter, except from headings 5106 through 5113, 5204 through 5212, 5310 through 5311, or chapters 54 through 55.",2020-07-01
TMEC,5806,CTC,CC,,,,"[AUTO-GN11 cap.58] headings 5802 through 5811 from any other chapter, except from headings 5106 through 5113, 5204 through 5212, 5310 through 5311, or chapters 54 through 55.",2020-07-01
TMEC,5807,CTC,CC,,,,"[AUTO-GN11 cap.58] headings 5802 through 5811 from any other chapter, except from headings 5106 through 5113, 5204 through 5212, 5310 through 5311, or chapters 54 through 55.",2020-07-01
TMEC,5808,CTC,CC,,,,"[AUTO-GN11 cap.58] headings 5802 through 5811 from any other chapter, except from headings 5106 through 5113, 5204 through 5212, 5310 through 5311, or chapters 54 through 55.",2020-07-01
TMEC,5809,CTC,CC,,,,"[AUTO-GN11 cap.58] headings 5802 through 5811 from any other chapter, except from headings 5106 through 5113, 5204 through 5212, 5310 through 5311, or chapters 54 through 55.",2020-07-01
TMEC,5810,CTC,CC,,,,"[AUTO-GN11 cap.58] headings 5802 through 5811 from any other chapter, except from headings 5106 through 5113, 5204 through 5212, 5310 through 5311, or chapters 54 through 55.",2020-07-01
TMEC,5811,CTC,CC,,,,"[AUTO-GN11 cap.58] headings 5802 through 5811 from any other chapter, except from headings 5106 through 5113, 5204 through 5212, 5310 through 5311, or chapters 54 through 55.",2020-07-01
TMEC,5901,CTC,CC,,,,"[AUTO-GN11 cap.59] heading 5901 from any other chapter, except from headings 5111 through 5113, 5208 through 5212, 5310 through 5311, 5407 through 5408 or 5512 through 5516. 2.",2020-07-01
TMEC,5902,CTC,CTH,,,,"[AUTO-GN11 cap.59] heading 5902 from any other heading, except from headings 5106 through 5113, 5204 through 5212, 5310 through 5311 or chapters 54 through 55. 3.",2020-07-01
TMEC,5903,CTC,CC,,,,"[AUTO-GN11 cap.59] headings 5903 through 5908 from any other chapter, except from headings 5111 through 5113, 5208 through 5212, 5310 through 5311, 5407 through 5408 or 5512 through 5516. 4.",2020-07-01
TMEC,5904,CTC,CC,,,,"[AUTO-GN11 cap.59] headings 5903 through 5908 from any other chapter, except from headings 5111 through 5113, 5208 through 5212, 5310 through 5311, 5407 through 5408 or 5512 through 5516. 4.",2020-07-01
TMEC,5905,CTC,CC,,,,"[AUTO-GN11 cap.59] headings 5903 through 5908 from any other chapter, except from headings 5111 through 5113, 5208 through 5212, 5310 through 5311, 5407 through 5408 or 5512 through 5516. 4.",2020-07-01
TMEC,5906,CTC,CC,,,,"[AUTO-GN11 cap.59] headings 5903 through 5908 from any other chapter, except from headings 5111 through 5113, 5208 through 5212, 5310 through 5311, 5407 through 5408 or 5512 through 5516. 4.",2020-07-01
TMEC,5907,CTC,CC,,,,"[AUTO-GN11 cap.59] headings 5903 through 5908 from any other chapter, except from headings 5111 through 5113, 5208 through 5212, 5310 through 5311, 5407 through 5408 or 5512 through 5516. 4.",2020-07-01
TMEC,5908,CTC,CC,,,,"[AUTO-GN11 cap.59] headings 5903 through 5908 from any other chapter, except from headings 5111 through 5113, 5208 through 5212, 5310 through 5311, 5407 through 5408 or 5512 through 5516. 4.",2020-07-01
TMEC,5909,CTC,CC,,,,"[AUTO-GN11 cap.59] heading 5909 from any other chapter, except from headings 5111 through 5113, 5208 through 5212 or 5310 through 5311, chapter 54 or headings 5512 through 5516. 5.",2020-07-01
TMEC,5910,CTC,CTH,,,,"[AUTO-GN11 cap.59] heading 5910 from any other heading, except from headings 5106 through 5113, 5204 through 5212, 5310 through 5311, or chapters 54 through 55. 6.",2020-07-01
TMEC,5911,CTC,CC,,,,"[AUTO-GN11 cap.59] heading 5911 from any other chapter, except from headings 5111 through 5113, 5208 through 5212, 5310 through 5311, 5407 through 5408 or 5512 through 5516.",2020-07-01
TMEC,6001,CTC,CC,,,,"[AUTO-GN11 cap.60] headings 6001 through 6006 from any other chapter, except from headings 5106 through 5113, chapter 52,headings 5310 through 5311 or chapters 54 through 55.",2020-07-01
TMEC,6002,CTC,CC,,,,"[AUTO-GN11 cap.60] headings 6001 through 6006 from any other chapter, except from headings 5106 through 5113, chapter 52,headings 5310 through 5311 or chapters 54 through 55.",2020-07-01
TMEC,6003,CTC,CC,,,,"[AUTO-GN11 cap.60] headings 6001 through 6006 from any other chapter, except from headings 5106 through 5113, chapter 52,headings 5310 through 5311 or chapters 54 through 55.",2020-07-01
TMEC,6004,CTC,CC,,,,"[AUTO-GN11 cap.60] headings 6001 through 6006 from any other chapter, except from headings 5106 through 5113, chapter 52,headings 5310 through 5311 or chapters 54 through 55.",2020-07-01
TMEC,6005,CTC,CC,,,,"[AUTO-GN11 cap.60] headings 6001 through 6006 from any other chapter, except from headings 5106 through 5113, chapter 52,headings 5310 through 5311 or chapters 54 through 55.",2020-07-01
TMEC,6006,CTC,CC,,,,"[AUTO-GN11 cap.60] headings 6001 through 6006 from any other chapter, except from headings 5106 through 5113, chapter 52,headings 5310 through 5311 or chapters 54 through 55.",2020-07-01
TMEC,6101,CTC,CC,,,,"[AUTO-GN11 cap.61] headings 6101 through 6102 from any other chapter, except from headings 5106 through 5113, 5204 through 5212, 5310 through 5311, chapter 54 or headings 5508 through 5516 or 6001 th",2020-07-01
TMEC,6102,CTC,CC,,,,"[AUTO-GN11 cap.61] headings 6101 through 6102 from any other chapter, except from headings 5106 through 5113, 5204 through 5212, 5310 through 5311, chapter 54 or headings 5508 through 5516 or 6001 th",2020-07-01
TMEC,6103,CTC,CC,,,,"[AUTO-GN11 cap.61] subheading 6103.10 through 6103.22 from any other chapter, except from headings 5106 through 5113, 5204 through 5212, 5310 through 5311, chapter 54 or headings 5508 through 5516 or",2020-07-01
TMEC,611030,CTC,CC,,,,"[AUTO-GN11 cap.61] sweaters of subheading 6110.30 classified as part of an ensemble of subheading 6103.23 from any other chapter, except from headings 5106 through 5113, 5204 through 5212, 5310 throu",2020-07-01
TMEC,610323,CTC,CC,,,,"[AUTO-GN11 cap.61] any other good of subheading 6103.23 from any other chapter, except from headings 5106 through 5113, 5204 through 5212, 5310 through 5311, chapter 54, headings 5508 through 5516 or",2020-07-01
TMEC,6104,CTC,CC,,,,"[AUTO-GN11 cap.61] subheadings 6104.13 through 6104.22 from any other chapter, except from headings 5106 through 5113, 5204 through 5212, 5310 through 5311, chapter 54 or headings 5508 through 5516 o",2020-07-01
TMEC,610423,CTC,CC,,,,"[AUTO-GN11 cap.61] any other good of subheading 6104.23 from any other chapter, except from headings 5106 through 5113, 5204 through 5212, 5310 through 5311, chapter 54, headings 5508 through 5516 or",2020-07-01
TMEC,6105,CTC,CC,,,,"[AUTO-GN11 cap.61] headings 6105 through 6106 from any other chapter, except from headings 5106 through 5113, 5204 through 5212, 5310 through 5311, chapter 54 or headings 5508 through 5516 or 6001 th",2020-07-01
TMEC,6106,CTC,CC,,,,"[AUTO-GN11 cap.61] headings 6105 through 6106 from any other chapter, except from headings 5106 through 5113, 5204 through 5212, 5310 through 5311, chapter 54 or headings 5508 through 5516 or 6001 th",2020-07-01
TMEC,6107,CTC,CC,,,,"[AUTO-GN11 cap.61] subheadings 6107.11 through 6107.19 from any other chapter, except from headings 5106 through 5113, 5204 through 5212, 5310 through 5311, chapter 54 or headings 5508 through 5516 o",2020-07-01
TMEC,610721,CTC,CC,,,,"[AUTO-GN11 cap.61] subheading 6107.21 from any other chapter, except from headings 5106 through 5113, 5204 through 5212, 5310 through 5311, chapter 54 or headings 5508 through 5516 or 6001 through 60",2020-07-01
TMEC,6108,CTC,CC,,,,"[AUTO-GN11 cap.61] subheadings 6108.11 through 6108.19 from any other chapter, except from headings 5106 through 5113, 5204 through 5212, 5310 through 5311, chapter 54 or headings 5508 through 5516 o",2020-07-01
TMEC,610821,CTC,CC,,,,"[AUTO-GN11 cap.61] subheading 6108.21 from any other chapter, except from headings 5106 through 5113, 5204 through 5212, 5310 through 5311, chapter 54 or headings 5508 through 5516 or 6001 through 60",2020-07-01
TMEC,610831,CTC,CC,,,,"[AUTO-GN11 cap.61] subheading 6108.31 from any other chapter, except from headings 5106 through 5113, 5204 through 5212, 5310 through 5311, chapter 54 or headings 5508 through 5516 or 6001 through 60",2020-07-01
TMEC,6109,CTC,CC,,,,"[AUTO-GN11 cap.61] heading 6109 from any other chapter, except from headings 5106 through 5113, 5204 through 5212, 5310 through 5311, chapter 54 or headings 5508 through 5516 or 6001 through 6006, or",2020-07-01
TMEC,6110,CTC,CC,,,,"[AUTO-GN11 cap.61] subheadings 6110.11 through 6110.20 from any other chapter, except from headings 5106 through 5113, 5204 through 5212, 5310 through 5311, chapter 54 or headings 5508 through 5516 o",2020-07-01
TMEC,611090,CTC,CC,,,,"[AUTO-GN11 cap.61] subheading 6110.90 from any other chapter, except from headings 5106 through 5113, 5204 through 5212, 5310 through 5311, chapter 54 or headings 5508 through 5516 or 6001 through 60",2020-07-01
TMEC,6111,CTC,CC,,,,"[AUTO-GN11 cap.61] heading 6111 from any other chapter, except from headings 5106 through 5113, 5204 through 5212, 5310 through 5311, chapter 54 or headings 5508 through 5516 or 6001 through 6006, or",2020-07-01
TMEC,6112,CTC,CC,,,,"[AUTO-GN11 cap.61] headings 6112 through 6117 from any other chapter, except from headings 5106 through 5113, 5204 through 5212, 5310 through 5311, chapter 54 or headings 5508 through 5516 or 6001 th",2020-07-01
TMEC,6113,CTC,CC,,,,"[AUTO-GN11 cap.61] headings 6112 through 6117 from any other chapter, except from headings 5106 through 5113, 5204 through 5212, 5310 through 5311, chapter 54 or headings 5508 through 5516 or 6001 th",2020-07-01
TMEC,6114,CTC,CC,,,,"[AUTO-GN11 cap.61] headings 6112 through 6117 from any other chapter, except from headings 5106 through 5113, 5204 through 5212, 5310 through 5311, chapter 54 or headings 5508 through 5516 or 6001 th",2020-07-01
TMEC,6115,CTC,CC,,,,"[AUTO-GN11 cap.61] headings 6112 through 6117 from any other chapter, except from headings 5106 through 5113, 5204 through 5212, 5310 through 5311, chapter 54 or headings 5508 through 5516 or 6001 th",2020-07-01
TMEC,6116,CTC,CC,,,,"[AUTO-GN11 cap.61] headings 6112 through 6117 from any other chapter, except from headings 5106 through 5113, 5204 through 5212, 5310 through 5311, chapter 54 or headings 5508 through 5516 or 6001 th",2020-07-01
TMEC,6117,CTC,CC,,,,"[AUTO-GN11 cap.61] headings 6112 through 6117 from any other chapter, except from headings 5106 through 5113, 5204 through 5212, 5310 through 5311, chapter 54 or headings 5508 through 5516 or 6001 th",2020-07-01
TMEC,6201,CTC,CC,,,,"[AUTO-GN11 cap.62] headings 6201 through 6204 from any other chapter, except from headings 5106 through 5113, 5204 through 5212, 5310 through 5311, chapter 54, headings 5508 through 5516, 5801 throug",2020-07-01
TMEC,6202,CTC,CC,,,,"[AUTO-GN11 cap.62] headings 6201 through 6204 from any other chapter, except from headings 5106 through 5113, 5204 through 5212, 5310 through 5311, chapter 54, headings 5508 through 5516, 5801 throug",2020-07-01
TMEC,6203,CTC,CC,,,,"[AUTO-GN11 cap.62] headings 6201 through 6204 from any other chapter, except from headings 5106 through 5113, 5204 through 5212, 5310 through 5311, chapter 54, headings 5508 through 5516, 5801 throug",2020-07-01
TMEC,6204,CTC,CC,,,,"[AUTO-GN11 cap.62] headings 6201 through 6204 from any other chapter, except from headings 5106 through 5113, 5204 through 5212, 5310 through 5311, chapter 54, headings 5508 through 5516, 5801 throug",2020-07-01
TMEC,6205,CTC,CC,,,,"[AUTO-GN11 cap.62] any other good of subheadings 6205.20 through 6205.30 from any other chapter, except from headings 5106 through 5113, 5204 through 5212, 5310 through 5311, chapter 54 or headings 5",2020-07-01
TMEC,620590,CTC,CC,,,,"[AUTO-GN11 cap.62] subheading 6205.90 from any other chapter, except from headings 5106 through 5113, 5204 through 5212, 5310 through 5311, chapter 54 or headings 5508 through 5516, 5801 through 5802",2020-07-01
TMEC,6206,CTC,CC,,,,"[AUTO-GN11 cap.62] heading 6206 from any other chapter, except from headings 5106 through 5113, 5204 through 5212, or 5310 through 5311, chapter 54 or headings 5508 through 5516, 5801 through 5802 or",2020-07-01
TMEC,620711,CTC,CC,,,,"[AUTO-GN11 cap.62] any other good of subheading 6207.11 from any other chapter, except from headings 5106 through 5113, 5204 through 5212, 5310 through 5311, chapter 54 or headings 5508 through 5516,",2020-07-01
TMEC,6207,CTC,CC,,,,"[AUTO-GN11 cap.62] subheadings 6207.19 through 6207.99 from any other chapter, except from headings 5106 through 5113, 5204 through 5212, 5310 through 5311, chapter 54 or headings 5508 through 5516, ",2020-07-01
TMEC,6208,CTC,CC,,,,"[AUTO-GN11 cap.62] headings 6208 through 6211 from any other chapter, except from headings 5106 through 5113, 5204 through 5212, 5310 through 5311, chapter 54, headings 5508 through 5516, 5801 throug",2020-07-01
TMEC,6209,CTC,CC,,,,"[AUTO-GN11 cap.62] headings 6208 through 6211 from any other chapter, except from headings 5106 through 5113, 5204 through 5212, 5310 through 5311, chapter 54, headings 5508 through 5516, 5801 throug",2020-07-01
TMEC,6210,CTC,CC,,,,"[AUTO-GN11 cap.62] headings 6208 through 6211 from any other chapter, except from headings 5106 through 5113, 5204 through 5212, 5310 through 5311, chapter 54, headings 5508 through 5516, 5801 throug",2020-07-01
TMEC,6211,CTC,CC,,,,"[AUTO-GN11 cap.62] headings 6208 through 6211 from any other chapter, except from headings 5106 through 5113, 5204 through 5212, 5310 through 5311, chapter 54, headings 5508 through 5516, 5801 throug",2020-07-01
TMEC,621210,CTC,CC,,,,"[AUTO-GN11 cap.62] subheading 6212.10 from any other chapter, provided that the good is both cut and sewn or otherwise assembled in the territory of one or more of the USMCA countries. Such goods sha",2020-07-01
TMEC,6212,CTC,CC,,,,"[AUTO-GN11 cap.62] subheadings 6212.20 through 6212.90 from any other chapter, except from heading 5106 through 5113, 5204 through 5212, 5310 through 5311, chapter 54 or headings 5508 through 5516, 5",2020-07-01
TMEC,6213,CTC,CC,,,,"[AUTO-GN11 cap.62] headings 6213 through 6217 from any other chapter, except from headings 5106 through 5113, 5204 through 5212, 5310 through 5311, chapter 54 or headings 5508 through 5516, 5801 thro",2020-07-01
TMEC,6214,CTC,CC,,,,"[AUTO-GN11 cap.62] headings 6213 through 6217 from any other chapter, except from headings 5106 through 5113, 5204 through 5212, 5310 through 5311, chapter 54 or headings 5508 through 5516, 5801 thro",2020-07-01
TMEC,6215,CTC,CC,,,,"[AUTO-GN11 cap.62] headings 6213 through 6217 from any other chapter, except from headings 5106 through 5113, 5204 through 5212, 5310 through 5311, chapter 54 or headings 5508 through 5516, 5801 thro",2020-07-01
TMEC,6216,CTC,CC,,,,"[AUTO-GN11 cap.62] headings 6213 through 6217 from any other chapter, except from headings 5106 through 5113, 5204 through 5212, 5310 through 5311, chapter 54 or headings 5508 through 5516, 5801 thro",2020-07-01
TMEC,6217,CTC,CC,,,,"[AUTO-GN11 cap.62] headings 6213 through 6217 from any other chapter, except from headings 5106 through 5113, 5204 through 5212, 5310 through 5311, chapter 54 or headings 5508 through 5516, 5801 thro",2020-07-01
TMEC,6301,CTC,CC,,,,"[AUTO-GN11 cap.63] headings 6301 through 6302 from any other chapter, except from headings 5106 through 5113, 5204 through 5212 5310 through 5311, chapters 54 through 55, or headings 5801 through 580",2020-07-01
TMEC,6302,CTC,CC,,,,"[AUTO-GN11 cap.63] headings 6301 through 6302 from any other chapter, except from headings 5106 through 5113, 5204 through 5212 5310 through 5311, chapters 54 through 55, or headings 5801 through 580",2020-07-01
TMEC,6303,CTC,CC,,,,"[AUTO-GN11 cap.63] subheadings 6303.12 through 6303.91 from any other chapter, except from headings 5106 through 5113, 5204 through 5212, 5310 through 5311, chapters 54 through 55 or headings 5801 th",2020-07-01
TMEC,630392,CTC,CC,,,,"[AUTO-GN11 cap.63] any other good of subheading 6303.92 from any other chapter, except from headings 5106 through 5113, 5204 through 5212, 5310 through 5311, chapters 54 through 55 or headings 5801 t",2020-07-01
TMEC,630399,CTC,CC,,,,"[AUTO-GN11 cap.63] subheading 6303.99 from any other chapter, except from headings 5106 through 5113, 5204 through 5212, 5310 through 5311, chapters 54 through 55 or headings 5801 through 5802 or 600",2020-07-01
TMEC,6304,CTC,CC,,,,"[AUTO-GN11 cap.63] headings 6304 through 6310 from any other chapter, except from headings 5106 through 5113, 5204 through 5212, 5310 through 5311, chapters 54 through 55 or headings 5801 through 580",2020-07-01
TMEC,6305,CTC,CC,,,,"[AUTO-GN11 cap.63] headings 6304 through 6310 from any other chapter, except from headings 5106 through 5113, 5204 through 5212, 5310 through 5311, chapters 54 through 55 or headings 5801 through 580",2020-07-01
TMEC,6306,CTC,CC,,,,"[AUTO-GN11 cap.63] headings 6304 through 6310 from any other chapter, except from headings 5106 through 5113, 5204 through 5212, 5310 through 5311, chapters 54 through 55 or headings 5801 through 580",2020-07-01
TMEC,6307,CTC,CC,,,,"[AUTO-GN11 cap.63] headings 6304 through 6310 from any other chapter, except from headings 5106 through 5113, 5204 through 5212, 5310 through 5311, chapters 54 through 55 or headings 5801 through 580",2020-07-01
TMEC,6308,CTC,CC,,,,"[AUTO-GN11 cap.63] headings 6304 through 6310 from any other chapter, except from headings 5106 through 5113, 5204 through 5212, 5310 through 5311, chapters 54 through 55 or headings 5801 through 580",2020-07-01
TMEC,6309,CTC,CC,,,,"[AUTO-GN11 cap.63] headings 6304 through 6310 from any other chapter, except from headings 5106 through 5113, 5204 through 5212, 5310 through 5311, chapters 54 through 55 or headings 5801 through 580",2020-07-01
TMEC,6310,CTC,CC,,,,"[AUTO-GN11 cap.63] headings 6304 through 6310 from any other chapter, except from headings 5106 through 5113, 5204 through 5212, 5310 through 5311, chapters 54 through 55 or headings 5801 through 580",2020-07-01
TMEC,640610,CTC,CTSH,,,,"[AUTO-GN11 cap.64] subheading 6406.10 from any other subheading, except from headings 6401 through 6405, provided there is a regional value content of not less than 55 percent under the net cost meth",2020-07-01
TMEC,6406,CTC,CC,,,,[AUTO-GN11 cap.64] subheadings 6406.20 through 6406.90 from any other chapter.,2020-07-01
TMEC,6501,CTC,CC,,,,[AUTO-GN11 cap.65] headings 6501 through 6502 from any other chapter. 2.,2020-07-01
TMEC,6502,CTC,CC,,,,[AUTO-GN11 cap.65] headings 6501 through 6502 from any other chapter. 2.,2020-07-01
TMEC,6601,CTC,CTH,,,,"[AUTO-GN11 cap.66] heading 6601 from any other heading, except from a combination of both: Harmonized Tariff Schedule of the United States Revision 9 (2026) Annotated for Statistical Reporting Purpos",2020-07-01
TMEC,6602,CTC,CTH,,,,[AUTO-GN11 cap.66] heading 6602 from any other heading. 3.,2020-07-01
TMEC,6603,CTC,CC,,,,[AUTO-GN11 cap.66] heading 6603 from any other chapter.,2020-07-01
TMEC,6701,CTC,CTH,,,,[AUTO-GN11 cap.67] heading 6701 from any other heading; or (B),2020-07-01
TMEC,6702,CTC,CTH,,,,"[AUTO-GN11 cap.67] headings 6702 through 6704 from any other heading, including another heading within that group.",2020-07-01
TMEC,6703,CTC,CTH,,,,"[AUTO-GN11 cap.67] headings 6702 through 6704 from any other heading, including another heading within that group.",2020-07-01
TMEC,6704,CTC,CTH,,,,"[AUTO-GN11 cap.67] headings 6702 through 6704 from any other heading, including another heading within that group.",2020-07-01
TMEC,6801,CTC,CC,,,,[AUTO-GN11 cap.68] headings 6801 through 6811 from any other chapter. 2. (A),2020-07-01
TMEC,6802,CTC,CC,,,,[AUTO-GN11 cap.68] headings 6801 through 6811 from any other chapter. 2. (A),2020-07-01
TMEC,6803,CTC,CC,,,,[AUTO-GN11 cap.68] headings 6801 through 6811 from any other chapter. 2. (A),2020-07-01
TMEC,6804,CTC,CC,,,,[AUTO-GN11 cap.68] headings 6801 through 6811 from any other chapter. 2. (A),2020-07-01
TMEC,6805,CTC,CC,,,,[AUTO-GN11 cap.68] headings 6801 through 6811 from any other chapter. 2. (A),2020-07-01
TMEC,6806,CTC,CC,,,,[AUTO-GN11 cap.68] headings 6801 through 6811 from any other chapter. 2. (A),2020-07-01
TMEC,6807,CTC,CC,,,,[AUTO-GN11 cap.68] headings 6801 through 6811 from any other chapter. 2. (A),2020-07-01
TMEC,6808,CTC,CC,,,,[AUTO-GN11 cap.68] headings 6801 through 6811 from any other chapter. 2. (A),2020-07-01
TMEC,6809,CTC,CC,,,,[AUTO-GN11 cap.68] headings 6801 through 6811 from any other chapter. 2. (A),2020-07-01
TMEC,6810,CTC,CC,,,,[AUTO-GN11 cap.68] headings 6801 through 6811 from any other chapter. 2. (A),2020-07-01
TMEC,6811,CTC,CC,,,,[AUTO-GN11 cap.68] headings 6801 through 6811 from any other chapter. 2. (A),2020-07-01
TMEC,681280,CTC,CTSH,,,,"[AUTO-GN11 cap.68] clothing, clothing accessories, footwear and headgear of subheading 6812.80 from any other subheading; (B)",2020-07-01
TMEC,681291,CTC,CTSH,,,,[AUTO-GN11 cap.68] subheading 6812.91 from any other subheading. 4. (A),2020-07-01
TMEC,681299,CTC,CC,,,,[AUTO-GN11 cap.68] fabricated asbestos fibers or mixtures with a basis of asbestos or with a basis of asbestos and magnesium carbonate of subheading 6812.99 from any other chapter; (B),2020-07-01
TMEC,6813,CTC,CTH,,,,[AUTO-GN11 cap.68] heading 6813 from any other heading. 6.,2020-07-01
TMEC,6814,CTC,CC,,,,[AUTO-GN11 cap.68] headings 6814 through 6815 from any other chapter. Harmonized Tariff Schedule of the United States Revision 9 (2026) Annotated for Statistical Reporting Purposes GN p.55 USMCA,2020-07-01
TMEC,6815,CTC,CC,,,,[AUTO-GN11 cap.68] headings 6814 through 6815 from any other chapter. Harmonized Tariff Schedule of the United States Revision 9 (2026) Annotated for Statistical Reporting Purposes GN p.55 USMCA,2020-07-01
TMEC,6901,CTC,CC,,,,[AUTO-GN11 cap.69] headings 6901 through 6914 from any other chapter.,2020-07-01
TMEC,6902,CTC,CC,,,,[AUTO-GN11 cap.69] headings 6901 through 6914 from any other chapter.,2020-07-01
TMEC,6903,CTC,CC,,,,[AUTO-GN11 cap.69] headings 6901 through 6914 from any other chapter.,2020-07-01
TMEC,6904,CTC,CC,,,,[AUTO-GN11 cap.69] headings 6901 through 6914 from any other chapter.,2020-07-01
TMEC,6905,CTC,CC,,,,[AUTO-GN11 cap.69] headings 6901 through 6914 from any other chapter.,2020-07-01
TMEC,6906,CTC,CC,,,,[AUTO-GN11 cap.69] headings 6901 through 6914 from any other chapter.,2020-07-01
TMEC,6907,CTC,CC,,,,[AUTO-GN11 cap.69] headings 6901 through 6914 from any other chapter.,2020-07-01
TMEC,6908,CTC,CC,,,,[AUTO-GN11 cap.69] headings 6901 through 6914 from any other chapter.,2020-07-01
TMEC,6909,CTC,CC,,,,[AUTO-GN11 cap.69] headings 6901 through 6914 from any other chapter.,2020-07-01
TMEC,6910,CTC,CC,,,,[AUTO-GN11 cap.69] headings 6901 through 6914 from any other chapter.,2020-07-01
TMEC,6911,CTC,CC,,,,[AUTO-GN11 cap.69] headings 6901 through 6914 from any other chapter.,2020-07-01
TMEC,6912,CTC,CC,,,,[AUTO-GN11 cap.69] headings 6901 through 6914 from any other chapter.,2020-07-01
TMEC,6913,CTC,CC,,,,[AUTO-GN11 cap.69] headings 6901 through 6914 from any other chapter.,2020-07-01
TMEC,6914,CTC,CC,,,,[AUTO-GN11 cap.69] headings 6901 through 6914 from any other chapter.,2020-07-01
TMEC,7001,CTC,CTH,,,,[AUTO-GN11 cap.70] heading 7001 from any other heading. 2.,2020-07-01
TMEC,700210,CTC,CTH,,,,[AUTO-GN11 cap.70] subheading 7002.10 from any other heading. 3.,2020-07-01
TMEC,700220,CTC,CC,,,,[AUTO-GN11 cap.70] subheading 7002.20 from any other chapter. 4.,2020-07-01
TMEC,700231,CTC,CTH,,,,[AUTO-GN11 cap.70] subheading 7002.31 from any other heading. 5.,2020-07-01
TMEC,7002,CTC,CC,,,,[AUTO-GN11 cap.70] subheadings 7002.32 through 7002.39 from any other chapter. Heading rule: The underscoring of the designations in subdivision 6 pertains to goods provided for in headings 7003 thro,2020-07-01
TMEC,7009,CTC,CTH,,,,"[AUTO-GN11 cap.70] subheadings 7009.10 through 7009.91 from any other heading, except from headings 7003 through 7008. 8.",2020-07-01
TMEC,700992,CTC,CTSH,,,,[AUTO-GN11 cap.70] subheading 7009.92 from any other subheading. 9.,2020-07-01
TMEC,7010,CTC,CC,,,,[AUTO-GN11 cap.70] headings 7010 through 7018 from any other chapter. 10.,2020-07-01
TMEC,7011,CTC,CC,,,,[AUTO-GN11 cap.70] headings 7010 through 7018 from any other chapter. 10.,2020-07-01
TMEC,7012,CTC,CC,,,,[AUTO-GN11 cap.70] headings 7010 through 7018 from any other chapter. 10.,2020-07-01
TMEC,7013,CTC,CC,,,,[AUTO-GN11 cap.70] headings 7010 through 7018 from any other chapter. 10.,2020-07-01
TMEC,7014,CTC,CC,,,,[AUTO-GN11 cap.70] headings 7010 through 7018 from any other chapter. 10.,2020-07-01
TMEC,7015,CTC,CC,,,,[AUTO-GN11 cap.70] headings 7010 through 7018 from any other chapter. 10.,2020-07-01
TMEC,7016,CTC,CC,,,,[AUTO-GN11 cap.70] headings 7010 through 7018 from any other chapter. 10.,2020-07-01
TMEC,7017,CTC,CC,,,,[AUTO-GN11 cap.70] headings 7010 through 7018 from any other chapter. 10.,2020-07-01
TMEC,7018,CTC,CC,,,,[AUTO-GN11 cap.70] headings 7010 through 7018 from any other chapter. 10.,2020-07-01
TMEC,7019,CTC,CTH,,,,"[AUTO-GN11 cap.70] heading 7019 from any other heading, except from headings 7007 through 7018 or 7020. 11.",2020-07-01
TMEC,7020,CTC,CC,,,,[AUTO-GN11 cap.70] heading 7020 from any other chapter.,2020-07-01
TMEC,7101,CTC,CC,,,,[AUTO-GN11 cap.71] headings 7101 through 7105 from any other chapter. 2. (A),2020-07-01
TMEC,7102,CTC,CC,,,,[AUTO-GN11 cap.71] headings 7101 through 7105 from any other chapter. 2. (A),2020-07-01
TMEC,7103,CTC,CC,,,,[AUTO-GN11 cap.71] headings 7101 through 7105 from any other chapter. 2. (A),2020-07-01
TMEC,7104,CTC,CC,,,,[AUTO-GN11 cap.71] headings 7101 through 7105 from any other chapter. 2. (A),2020-07-01
TMEC,7105,CTC,CC,,,,[AUTO-GN11 cap.71] headings 7101 through 7105 from any other chapter. 2. (A),2020-07-01
TMEC,7106,CTC,CTSH,,,,"[AUTO-GN11 cap.71] subheadings 7106.10 through 7106.92 from any other subheading, including another subheading within that group; or (B) No change in tariff classification to a good of subheading 710",2020-07-01
TMEC,7107,CTC,CC,,,,[AUTO-GN11 cap.71] heading 7107 from any other chapter. 4. (A),2020-07-01
TMEC,7108,CTC,CTSH,,,,"[AUTO-GN11 cap.71] subheadings 7108.11 through 7108.20 from any other subheading, including another subheading within that group; or (B) No change in tariff classification to a good of subheading 710",2020-07-01
TMEC,7109,CTC,CC,,,,[AUTO-GN11 cap.71] heading 7109 from any other chapter. 6.,2020-07-01
TMEC,7110,CTC,CTSH,,,,"[AUTO-GN11 cap.71] subheadings 7110.11 through 7110.49 from any other subheading, including another subheading within that group. Harmonized Tariff Schedule of the United States Revision 9 (2026) Ann",2020-07-01
TMEC,7111,CTC,CC,,,,[AUTO-GN11 cap.71] heading 7111 from any other chapter. 8.,2020-07-01
TMEC,7112,CTC,CTH,,,,[AUTO-GN11 cap.71] heading 7112 from any other heading. 9.,2020-07-01
TMEC,7201,CTC,CC,,,,[AUTO-GN11 cap.72] heading 7201 from any other chapter. 2.,2020-07-01
TMEC,7202,CTC,CC,,,,[AUTO-GN11 cap.72] subheadings 7202.11 through 7202.60 from any other chapter. 3.,2020-07-01
TMEC,720270,CTC,CC,,,,"[AUTO-GN11 cap.72] subheading 7202.70 from any other chapter, except from subheading 2613.10. 4.",2020-07-01
TMEC,7203,CTC,CC,,,,[AUTO-GN11 cap.72] headings 7203 through 7205 from any other chapter. 6.,2020-07-01
TMEC,7204,CTC,CC,,,,[AUTO-GN11 cap.72] headings 7203 through 7205 from any other chapter. 6.,2020-07-01
TMEC,7205,CTC,CC,,,,[AUTO-GN11 cap.72] headings 7203 through 7205 from any other chapter. 6.,2020-07-01
TMEC,7217,CTC,CTH,,,,"[AUTO-GN11 cap.72] heading 7217 from any other heading, except from headings 7213 through 7215. 9.",2020-07-01
TMEC,7223,CTC,CTH,,,,"[AUTO-GN11 cap.72] heading 7223 from any other heading, except from headings 7221 through 7222. 11.",2020-07-01
TMEC,7229,CTC,CTH,,,,"[AUTO-GN11 cap.72] heading 7229 from any other heading, except from headings 7227 through 7228.",2020-07-01
TMEC,7301,CTC,CC,,,,[AUTO-GN11 cap.73] headings 7301 through 7303 from any other chapter. 2.,2020-07-01
TMEC,7302,CTC,CC,,,,[AUTO-GN11 cap.73] headings 7301 through 7303 from any other chapter. 2.,2020-07-01
TMEC,7303,CTC,CC,,,,[AUTO-GN11 cap.73] headings 7301 through 7303 from any other chapter. 2.,2020-07-01
TMEC,7304,CTC,CC,,,,[AUTO-GN11 cap.73] subheadings 7304.11 through 7304.39 from any other chapter. 3.,2020-07-01
TMEC,730441,CTC,CC,,,,[AUTO-GN11 cap.73] subheading 7304.41 from any other chapter. 5.,2020-07-01
TMEC,7305,CTC,CC,,,,"[AUTO-GN11 cap.73] headings 7305 through 7307 from any other chapter. Heading rule: Beginning on July 1, 2023, and thereafter, the following rules of origin shall apply to headings 7305 through 7307:",2020-07-01
TMEC,7306,CTC,CC,,,,"[AUTO-GN11 cap.73] headings 7305 through 7307 from any other chapter. Heading rule: Beginning on July 1, 2023, and thereafter, the following rules of origin shall apply to headings 7305 through 7307:",2020-07-01
TMEC,7307,CTC,CC,,,,"[AUTO-GN11 cap.73] headings 7305 through 7307 from any other chapter. Heading rule: Beginning on July 1, 2023, and thereafter, the following rules of origin shall apply to headings 7305 through 7307:",2020-07-01
TMEC,730810,CTC,CTH,,,,"[AUTO-GN11 cap.73] subheading 7308.10 from any other heading, except for changes resulting from the following processes performed on angles, shapes, or sections of heading 7216: (i) drilling, punchin",2020-07-01
TMEC,730820,CTC,CTH,,,,"[AUTO-GN11 cap.73] subheading 7308.20 from any other heading, except for changes resulting from the following processes performed on angles, shapes, or sections of heading 7216: (i) drilling, punchin",2020-07-01
TMEC,730830,CTC,CTH,,,,"[AUTO-GN11 cap.73] subheading 7308.30 from any other heading, except for changes resulting from the following processes performed on angles, shapes, or sections of heading 7216: (i) drilling, punchin",2020-07-01
TMEC,730840,CTC,CTH,,,,"[AUTO-GN11 cap.73] subheading 7308.40 from any other heading, except for changes resulting from the following processes performed on angles, shapes, or sections of heading 7216: Harmonized Tariff Sch",2020-07-01
TMEC,730890,CTC,CTH,,,,"[AUTO-GN11 cap.73] subheading 7308.90 from any other heading, except for changes resulting from the following processes performed on angles, shapes, or sections of heading 7216: (i) drilling, punchin",2020-07-01
TMEC,731210,CTC,CTH,,,,"[AUTO-GN11 cap.73] subheading 7312.10 from any other heading. Subheading rule: Beginning on January 1, 2023, and thereafter, the following rules of origin shall apply to subheading 7312.10: (a)",2020-07-01
TMEC,731290,CTC,CTH,,,,"[AUTO-GN11 cap.73] subheading 7312.90 from any other heading. Subheading rule: Beginning on July 1, 2020 until July 1, 2023, the following rule of origin shall apply to heading 7313: (a)",2020-07-01
TMEC,7313,CTC,CTH,,,,"[AUTO-GN11 cap.73] heading 7313 from any other heading. Subheading rule: Beginning on July 1, 2023, and thereafter, the following rules of origin shall apply to heading 7313: (a)",2020-07-01
TMEC,7314,CTC,CTH,,,,"[AUTO-GN11 cap.73] subheadings 7314.12 through 7314.14 from any other heading. Subheading rule: Beginning on July 1, 2020 until July 1, 2023, the following rule of origin shall apply to subheading 73",2020-07-01
TMEC,731419,CTC,CTH,,,,"[AUTO-GN11 cap.73] subheading 7314.19 from any other heading. Subheading rule: Beginning on July 1, 2023, and thereafter, the following rules of origin shall apply to subheading 7314.19: (a)",2020-07-01
TMEC,731420,CTC,CTH,,,,"[AUTO-GN11 cap.73] subheading 7314.20 from any other heading. Subheading rule: Beginning on July 1, 2020 until July 1, 2023, the following rule of origin shall apply to subheadings 7314.31 through 73",2020-07-01
TMEC,731450,CTC,CTH,,,,[AUTO-GN11 cap.73] subheading 7314.50 from any other heading. 11. (A),2020-07-01
TMEC,7315,CTC,CTH,,,,[AUTO-GN11 cap.73] subheadings 7315.11 through 7315.12 from any other heading; or (B),2020-07-01
TMEC,731519,CTC,CTH,,,,[AUTO-GN11 cap.73] subheading 7315.19 from any other heading. 13. (A),2020-07-01
TMEC,731590,CTC,CTH,,,,[AUTO-GN11 cap.73] subheading 7315.90 from any other heading. 15.,2020-07-01
TMEC,7316,CTC,CTH,,,,"[AUTO-GN11 cap.73] heading 7316 from any other heading, except from headings 7312 or 7315. Heading rule: Beginning on July 1, 2020 until July 1, 2023, the following rule of origin shall apply to head",2020-07-01
TMEC,7317,CTC,CTH,,,,"[AUTO-GN11 cap.73] heading 7317 from any other heading, except from heading 7318. Heading rule: Beginning on July 1, 2023, and thereafter, the following rules of origin shall apply to heading 7317: (",2020-07-01
TMEC,7318,CTC,CTH,,,,"[AUTO-GN11 cap.73] heading 7318 from any other heading, except from heading 7317. 17.",2020-07-01
TMEC,732111,CTC,CTH,,,,[AUTO-GN11 cap.73] subheading 7321.11 from any other heading; or (B),2020-07-01
TMEC,7321,CTC,CTH,,,,[AUTO-GN11 cap.73] subheadings 7321.12 through 7321.89 from any other heading; or (B),2020-07-01
TMEC,732190,CTC,CTH,,,,[AUTO-GN11 cap.73] subheading 7321.90 from any other heading. 25.,2020-07-01
TMEC,7324,CTC,CTH,,,,[AUTO-GN11 cap.73] subheadings 7324.10 through 7324.29 from any other heading; or Harmonized Tariff Schedule of the United States Revision 9 (2026) Annotated for Statistical Reporting Purposes GN p.6,2020-07-01
TMEC,732490,CTC,CTH,,,,[AUTO-GN11 cap.73] subheading 7324.90 from any other heading. 28.,2020-07-01
TMEC,7401,CTC,CTH,,,,"[AUTO-GN11 cap.74] headings 7401 through 7403 from any other heading, including another heading within that group,except from heading 7404; or (B)",2020-07-01
TMEC,7402,CTC,CTH,,,,"[AUTO-GN11 cap.74] headings 7401 through 7403 from any other heading, including another heading within that group,except from heading 7404; or (B)",2020-07-01
TMEC,7403,CTC,CTH,,,,"[AUTO-GN11 cap.74] headings 7401 through 7403 from any other heading, including another heading within that group,except from heading 7404; or (B)",2020-07-01
TMEC,7405,CTC,CC,,,,[AUTO-GN11 cap.74] headings 7405 through 7407 from any other chapter; or (B),2020-07-01
TMEC,7406,CTC,CC,,,,[AUTO-GN11 cap.74] headings 7405 through 7407 from any other chapter; or (B),2020-07-01
TMEC,7407,CTC,CC,,,,[AUTO-GN11 cap.74] headings 7405 through 7407 from any other chapter; or (B),2020-07-01
TMEC,740811,CTC,CTH,,,,"[AUTO-GN11 cap.74] subheading 7408.11 from any other heading, except from heading 7407. 6.",2020-07-01
TMEC,7408,CTC,CTH,,,,"[AUTO-GN11 cap.74] subheadings 7408.19 through 7408.29 from any other heading, except from heading 7407. 7.",2020-07-01
TMEC,7409,CTC,CTH,,,,[AUTO-GN11 cap.74] heading 7409 from any other heading. 8.,2020-07-01
TMEC,7410,CTC,CTH,,,,"[AUTO-GN11 cap.74] heading 7410 from any other heading, except from heading 7409. 9.",2020-07-01
TMEC,7411,CTC,CTH,,,,"[AUTO-GN11 cap.74] heading 7411 from any other heading, except from tariff items 7407.10.15, 7407.21.15, 7407.29.16 or heading 7409. 10.",2020-07-01
TMEC,7412,CTC,CTH,,,,"[AUTO-GN11 cap.74] heading 7412 from any other heading, except from heading 7411. 11. (A)",2020-07-01
TMEC,7413,CTC,CTH,,,,"[AUTO-GN11 cap.74] heading 7413 from any other heading, except from headings 7407 through 7408; or (B)",2020-07-01
TMEC,7415,CTC,CTH,,,,"[AUTO-GN11 cap.74] headings 7415 through 7418 from any other heading, including another heading within that group. 13.",2020-07-01
TMEC,7416,CTC,CTH,,,,"[AUTO-GN11 cap.74] headings 7415 through 7418 from any other heading, including another heading within that group. 13.",2020-07-01
TMEC,7417,CTC,CTH,,,,"[AUTO-GN11 cap.74] headings 7415 through 7418 from any other heading, including another heading within that group. 13.",2020-07-01
TMEC,7418,CTC,CTH,,,,"[AUTO-GN11 cap.74] headings 7415 through 7418 from any other heading, including another heading within that group. 13.",2020-07-01
TMEC,741910,CTC,CTH,,,,"[AUTO-GN11 cap.74] subheading 7419.10 from any other heading, except from heading 7407. 14.",2020-07-01
TMEC,741991,CTC,CTH,,,,[AUTO-GN11 cap.74] subheading 7419.91 from any other heading. 15.,2020-07-01
TMEC,7501,CTC,CTH,,,,"[AUTO-GN11 cap.75] headings 7501 through 7504 from any other heading, including another heading within that group. 2.",2020-07-01
TMEC,7502,CTC,CTH,,,,"[AUTO-GN11 cap.75] headings 7501 through 7504 from any other heading, including another heading within that group. 2.",2020-07-01
TMEC,7503,CTC,CTH,,,,"[AUTO-GN11 cap.75] headings 7501 through 7504 from any other heading, including another heading within that group. 2.",2020-07-01
TMEC,7504,CTC,CTH,,,,"[AUTO-GN11 cap.75] headings 7501 through 7504 from any other heading, including another heading within that group. 2.",2020-07-01
TMEC,7505,CTC,CTH,,,,[AUTO-GN11 cap.75] subheadings 7505.11 through 7505.12 from any other heading. 3. (A),2020-07-01
TMEC,7506,CTC,CTH,,,,[AUTO-GN11 cap.75] heading 7506 from any other heading. 7.,2020-07-01
TMEC,7507,CTC,CTSH,,,,"[AUTO-GN11 cap.75] subheadings 7507.11 through 7508.90 from any other subheading, including another subheading within that group.",2020-07-01
TMEC,7508,CTC,CTSH,,,,"[AUTO-GN11 cap.75] subheadings 7507.11 through 7508.90 from any other subheading, including another subheading within that group.",2020-07-01
TMEC,7601,CTC,CC,,,,[AUTO-GN11 cap.76] heading 7601 from any other chapter. 2.,2020-07-01
TMEC,7602,CTC,CTH,,,,[AUTO-GN11 cap.76] heading 7602 from any other heading. 3.,2020-07-01
TMEC,7603,CTC,CC,,,,[AUTO-GN11 cap.76] heading 7603 from any other chapter. 4.,2020-07-01
TMEC,7604,CTC,CTH,,,,[AUTO-GN11 cap.76] heading 7604 from any other heading. 5.,2020-07-01
TMEC,7605,CTC,CTH,,,,"[AUTO-GN11 cap.76] heading 7605 from any other heading, except from headings 7604 or 7606. 6.",2020-07-01
TMEC,7606,CTC,CTH,,,,[AUTO-GN11 cap.76] heading 7606 from any other heading. 7.,2020-07-01
TMEC,7607,CTC,CTH,,,,[AUTO-GN11 cap.76] heading 7607 from any other heading. 8.,2020-07-01
TMEC,7610,CTC,CTH,,,,"[AUTO-GN11 cap.76] headings 7610 through 7613 from any other heading, including another heading within that group. 10.",2020-07-01
TMEC,7611,CTC,CTH,,,,"[AUTO-GN11 cap.76] headings 7610 through 7613 from any other heading, including another heading within that group. 10.",2020-07-01
TMEC,7612,CTC,CTH,,,,"[AUTO-GN11 cap.76] headings 7610 through 7613 from any other heading, including another heading within that group. 10.",2020-07-01
TMEC,7613,CTC,CTH,,,,"[AUTO-GN11 cap.76] headings 7610 through 7613 from any other heading, including another heading within that group. 10.",2020-07-01
TMEC,7614,CTC,CTH,,,,"[AUTO-GN11 cap.76] heading 7614 from any other heading, except from headings 7604 through 7605. 11.",2020-07-01
TMEC,7615,CTC,CTH,,,,"[AUTO-GN11 cap.76] headings 7615 through 7616 from any other heading, including another heading within that group.",2020-07-01
TMEC,7616,CTC,CTH,,,,"[AUTO-GN11 cap.76] headings 7615 through 7616 from any other heading, including another heading within that group.",2020-07-01
TMEC,7801,CTC,CC,,,,[AUTO-GN11 cap.78] headings 7801 through 7802 from any other chapter. Harmonized Tariff Schedule of the United States Revision 9 (2026) Annotated for Statistical Reporting Purposes GN p.65 USMCA 2. (,2020-07-01
TMEC,7802,CTC,CC,,,,[AUTO-GN11 cap.78] headings 7801 through 7802 from any other chapter. Harmonized Tariff Schedule of the United States Revision 9 (2026) Annotated for Statistical Reporting Purposes GN p.65 USMCA 2. (,2020-07-01
TMEC,7804,CTC,CTSH,,,,"[AUTO-GN11 cap.78] subheadings 7804.11 through 7804.20 from any other subheading, including another subheading within that group; or (B)",2020-07-01
TMEC,780411,CTC,CTSH,,,,"[AUTO-GN11 cap.78] foil of a thickness not exceeding 0.15 mm (excluding backing) of subheading 7804.11 from within that subheading, whether or not there is also a change from any other subheading. 3.",2020-07-01
TMEC,7901,CTC,CC,,,,[AUTO-GN11 cap.79] headings 7901 through 7902 from any other chapter. 2.,2020-07-01
TMEC,7902,CTC,CC,,,,[AUTO-GN11 cap.79] headings 7901 through 7902 from any other chapter. 2.,2020-07-01
TMEC,790310,CTC,CC,,,,[AUTO-GN11 cap.79] subheading 7903.10 from any other chapter. 3.,2020-07-01
TMEC,790390,CTC,CTH,,,,[AUTO-GN11 cap.79] subheading 7903.90 from any other heading. 4. (A),2020-07-01
TMEC,7904,CTC,CTH,,,,[AUTO-GN11 cap.79] heading 7904 from any other heading; or (B),2020-07-01
TMEC,7905,CTC,CTH,,,,[AUTO-GN11 cap.79] heading 7905 from any other heading; or (B),2020-07-01
TMEC,8001,CTC,CC,,,,[AUTO-GN11 cap.80] headings 8001 through 8002 from any other chapter. 2. (A),2020-07-01
TMEC,8002,CTC,CC,,,,[AUTO-GN11 cap.80] headings 8001 through 8002 from any other chapter. 2. (A),2020-07-01
TMEC,8003,CTC,CTH,,,,[AUTO-GN11 cap.80] heading 8003 from any other heading; or (B),2020-07-01
TMEC,8101,CTC,CTSH,,,,"[AUTO-GN11 cap.81] subheadings 8101.10 through 8101.97 from any other subheading, including another subheading within that group. 2.",2020-07-01
TMEC,8102,CTC,CTSH,,,,"[AUTO-GN11 cap.81] subheadings 8102.10 through 8107.90 from any other subheading, including another subheading within that group. 4. (A)",2020-07-01
TMEC,8103,CTC,CTSH,,,,"[AUTO-GN11 cap.81] subheadings 8102.10 through 8107.90 from any other subheading, including another subheading within that group. 4. (A)",2020-07-01
TMEC,8104,CTC,CTSH,,,,"[AUTO-GN11 cap.81] subheadings 8102.10 through 8107.90 from any other subheading, including another subheading within that group. 4. (A)",2020-07-01
TMEC,8105,CTC,CTSH,,,,"[AUTO-GN11 cap.81] subheadings 8102.10 through 8107.90 from any other subheading, including another subheading within that group. 4. (A)",2020-07-01
TMEC,8106,CTC,CTSH,,,,"[AUTO-GN11 cap.81] subheadings 8102.10 through 8107.90 from any other subheading, including another subheading within that group. 4. (A)",2020-07-01
TMEC,8107,CTC,CTSH,,,,"[AUTO-GN11 cap.81] subheadings 8102.10 through 8107.90 from any other subheading, including another subheading within that group. 4. (A)",2020-07-01
TMEC,810820,CTC,CC,,,,"[AUTO-GN11 cap.81] subheading 8108.20 from any other chapter; or (B) A change from any other subheading whether or not there is also a change from any other chapter, provided there is a regional valu",2020-07-01
TMEC,810830,CTC,CTSH,,,,[AUTO-GN11 cap.81] subheading 8108.30 from any other subheading. 6. (A),2020-07-01
TMEC,810890,CTC,CC,,,,[AUTO-GN11 cap.81] subheading 8108.90 from any other chapter; or Harmonized Tariff Schedule of the United States Revision 9 (2026) Annotated for Statistical Reporting Purposes GN p.66 USMCA (B),2020-07-01
TMEC,8109,CTC,CTSH,,,,"[AUTO-GN11 cap.81] subheadings 8109.20 through 8110.90 from any other subheading, including another subheading within that group. 8. (A)",2020-07-01
TMEC,8110,CTC,CTSH,,,,"[AUTO-GN11 cap.81] subheadings 8109.20 through 8110.90 from any other subheading, including another subheading within that group. 8. (A)",2020-07-01
TMEC,8111,CTC,CTH,,,,[AUTO-GN11 cap.81] any other good of heading 8111 from any other heading. 9.,2020-07-01
TMEC,8112,CTC,CTSH,,,,"[AUTO-GN11 cap.81] subheadings 8112.12 through 8112.59 from any other subheading, including another subheading within that group. 10.",2020-07-01
TMEC,8113,CTC,CTH,,,,[AUTO-GN11 cap.81] heading 8113 from any other heading.,2020-07-01
TMEC,8201,CTC,CC,,,,[AUTO-GN11 cap.82] heading 8201 from any other chapter. 2.,2020-07-01
TMEC,8202,CTC,CC,,,,[AUTO-GN11 cap.82] subheadings 8202.10 through 8202.20 from any other chapter. 3. (A),2020-07-01
TMEC,820231,CTC,CC,,,,[AUTO-GN11 cap.82] subheading 8202.31 from any other chapter; or (B),2020-07-01
TMEC,8203,CTC,CC,,,,[AUTO-GN11 cap.82] headings 8203 through 8206 from any other chapter. 6. (A),2020-07-01
TMEC,8204,CTC,CC,,,,[AUTO-GN11 cap.82] headings 8203 through 8206 from any other chapter. 6. (A),2020-07-01
TMEC,8205,CTC,CC,,,,[AUTO-GN11 cap.82] headings 8203 through 8206 from any other chapter. 6. (A),2020-07-01
TMEC,8206,CTC,CC,,,,[AUTO-GN11 cap.82] headings 8203 through 8206 from any other chapter. 6. (A),2020-07-01
TMEC,820713,CTC,CC,,,,[AUTO-GN11 cap.82] subheading 8207.13 from any other chapter; or (B),2020-07-01
TMEC,8207,CTC,CC,,,,[AUTO-GN11 cap.82] subheadings 8207.19 through 8207.90 from any other chapter. 8.,2020-07-01
TMEC,8208,CTC,CC,,,,[AUTO-GN11 cap.82] headings 8208 through 8210 from any other chapter. 9.,2020-07-01
TMEC,8209,CTC,CC,,,,[AUTO-GN11 cap.82] headings 8208 through 8210 from any other chapter. 9.,2020-07-01
TMEC,8210,CTC,CC,,,,[AUTO-GN11 cap.82] headings 8208 through 8210 from any other chapter. 9.,2020-07-01
TMEC,821110,CTC,CC,,,,[AUTO-GN11 cap.82] subheading 8211.10 from any other chapter. 10. (A),2020-07-01
TMEC,8211,CTC,CC,,,,[AUTO-GN11 cap.82] subheadings 8211.91 through 8211.93 from any other chapter; or (B),2020-07-01
TMEC,8212,CTC,CC,,,,[AUTO-GN11 cap.82] headings 8212 through 8215 from any other chapter.,2020-07-01
TMEC,8213,CTC,CC,,,,[AUTO-GN11 cap.82] headings 8212 through 8215 from any other chapter.,2020-07-01
TMEC,8214,CTC,CC,,,,[AUTO-GN11 cap.82] headings 8212 through 8215 from any other chapter.,2020-07-01
TMEC,8215,CTC,CC,,,,[AUTO-GN11 cap.82] headings 8212 through 8215 from any other chapter.,2020-07-01
TMEC,8301,CTC,CC,,,,[AUTO-GN11 cap.83] subheadings 8301.10 through 8301.50 from any other chapter; or (B),2020-07-01
TMEC,8302,CTC,CTH,,,,"[AUTO-GN11 cap.83] headings 8302 through 8304 from any other heading, including another heading within that group. 4. (A)",2020-07-01
TMEC,8303,CTC,CTH,,,,"[AUTO-GN11 cap.83] headings 8302 through 8304 from any other heading, including another heading within that group. 4. (A)",2020-07-01
TMEC,8304,CTC,CTH,,,,"[AUTO-GN11 cap.83] headings 8302 through 8304 from any other heading, including another heading within that group. 4. (A)",2020-07-01
TMEC,8305,CTC,CC,,,,[AUTO-GN11 cap.83] subheadings 8305.10 through 8305.20 from any other chapter; or (B),2020-07-01
TMEC,830590,CTC,CTH,,,,[AUTO-GN11 cap.83] subheading 8305.90 from any other heading. 6.,2020-07-01
TMEC,8306,CTC,CC,,,,[AUTO-GN11 cap.83] headings 8306 through 8307 from any other chapter. 7. (A),2020-07-01
TMEC,8307,CTC,CC,,,,[AUTO-GN11 cap.83] headings 8306 through 8307 from any other chapter. 7. (A),2020-07-01
TMEC,8308,CTC,CC,,,,[AUTO-GN11 cap.83] subheadings 8308.10 through 8308.20 from any other chapter; or (B),2020-07-01
TMEC,830890,CTC,CTH,,,,[AUTO-GN11 cap.83] subheading 8308.90 from any other heading. 9.,2020-07-01
TMEC,8309,CTC,CC,,,,[AUTO-GN11 cap.83] headings 8309 through 8310 from any other chapter. 10. (A),2020-07-01
TMEC,8310,CTC,CC,,,,[AUTO-GN11 cap.83] headings 8309 through 8310 from any other chapter. 10. (A),2020-07-01
TMEC,8311,CTC,CC,,,,[AUTO-GN11 cap.83] subheadings 8311.10 through 8311.30 from any other chapter; or (B),2020-07-01
TMEC,831190,CTC,CTH,,,,[AUTO-GN11 cap.83] subheading 8311.90 from any other heading.,2020-07-01
TMEC,8401,CTC,CTH,,,,[AUTO-GN11 cap.84] subheadings 8401.10 through 8401.30 from any other heading; or (B),2020-07-01
TMEC,840140,CTC,CTH,,,,[AUTO-GN11 cap.84] subheading 8401.40 from any other heading. Harmonized Tariff Schedule of the United States Revision 9 (2026) Annotated for Statistical Reporting Purposes GN p.70 USMCA 3. (A),2020-07-01
TMEC,8402,CTC,CTH,,,,[AUTO-GN11 cap.84] subheadings 8402.11 through 8402.20 from any other heading; or (B),2020-07-01
TMEC,840290,CTC_OR_RVC,CTH,transaction,60,,"[AUTO-GN11 cap.84] subheading 8402.90 from any other heading; or (B) No change in tariff classification to a good of subheading 8402.90, provided there is a regional value content of not less than: (",2020-07-01
TMEC,840310,CTC,CTH,,,,[AUTO-GN11 cap.84] subheading 8403.10 from any other heading; or (B),2020-07-01
TMEC,840390,CTC,CTH,,,,[AUTO-GN11 cap.84] subheading 8403.90 from any other heading. 7. (A),2020-07-01
TMEC,8404,CTC,CTH,,,,[AUTO-GN11 cap.84] subheadings 8404.10 through 8404.20 from any other heading; or (B),2020-07-01
TMEC,840490,CTC,CTH,,,,[AUTO-GN11 cap.84] subheading 8404.90 from any other heading. 9. (A),2020-07-01
TMEC,840510,CTC,CTH,,,,[AUTO-GN11 cap.84] subheading 8405.10 from any other heading; or (B),2020-07-01
TMEC,840590,CTC,CTH,,,,[AUTO-GN11 cap.84] subheading 8405.90 from any other heading. 11.,2020-07-01
TMEC,840610,CTC,CTSH,,,,[AUTO-GN11 cap.84] subheading 8406.10 from any other subheading. 12.,2020-07-01
TMEC,840690,CTC,CTH,,,,[AUTO-GN11 cap.84] subheading 8406.90 from any other heading. 16.,2020-07-01
TMEC,8407,CTC_OR_RVC,CTH,transaction,60,,"[AUTO-GN11 cap.84] subheadings 8407.10 through 8407.29 from any other heading, provided there is a regional value content of not less than: (A) 60 percent where the transaction value method is used; ",2020-07-01
TMEC,840790,CTC,CTSH,,,,[AUTO-GN11 cap.84] subheading 8407.90 from any other subheading. 21.,2020-07-01
TMEC,840810,CTC_OR_RVC,CTSH,transaction,85,,[AUTO-GN11 cap.84] subheading 8408.10 from any other subheading. Subheading rule: The underscoring of the designations in subdivisions 22 through 24 pertain to goods provided for in subheading 8408.2,2020-07-01
TMEC,840820,CTC_AND_RVC,CTH,transaction,80,,"[AUTO-GN11 cap.84] subheading 8408.20 from any other heading, provided there is a regional value content of not less than: Harmonized Tariff Schedule of the United States Revision 9 (2026) Annotated ",2020-07-01
TMEC,840890,CTC,CTSH,,,,[AUTO-GN11 cap.84] subheading 8408.90 from any other subheading. 26.,2020-07-01
TMEC,840910,CTC_OR_RVC,CTH,transaction,75,,[AUTO-GN11 cap.84] subheading 8409.10 from any other heading. Subheading rule: The underscoring of the designations in subdivisions 27 through 29 pertain to goods provided for in subheading 8409.91 f,2020-07-01
TMEC,840991,CTC_OR_RVC,CTH,transaction,60,,"[AUTO-GN11 cap.84] subheading 8409.91 from any other heading; or (B) No change in tariff classification to a good of subheading 8409.91, provided there is a regional value content of not less than: (",2020-07-01
TMEC,840999,CTC_OR_RVC,CTH,transaction,60,,"[AUTO-GN11 cap.84] subheading 8409.99 from any other heading; or (B) No change in tariff classification to a good of subheading 8409.99, provided there is a regional value content of not less than: (",2020-07-01
TMEC,8410,CTC,CTH,,,,[AUTO-GN11 cap.84] subheadings 8410.11 through 8410.13 from any other heading; or (B),2020-07-01
TMEC,841090,CTC,CTH,,,,[AUTO-GN11 cap.84] subheading 8410.90 from any other heading. 35.,2020-07-01
TMEC,841191,CTC,CTH,,,,[AUTO-GN11 cap.84] subheading 8411.91 from any other heading. 37. (A),2020-07-01
TMEC,841199,CTC_OR_RVC,CTH,transaction,60,,"[AUTO-GN11 cap.84] subheading 8411.99 from any other heading; or (B) No change in tariff classification to a good of subheading 8411.99, provided there is a regional value content of not less than: (",2020-07-01
TMEC,8412,CTC,CTSH,,,,"[AUTO-GN11 cap.84] subheadings 8412.10 through 8412.80 from any other subheading, including another subheading within that group. 39.",2020-07-01
TMEC,841290,CTC,CTH,,,,[AUTO-GN11 cap.84] subheading 8412.90 from any other heading. Subheading rule: The underscoring of the designations in subdivision 40 pertain to goods provided for in subheadings 8413.11 through 8413,2020-07-01
TMEC,8413,CTC,CTH,,,,[AUTO-GN11 cap.84] subheadings 8413.11 through 8413.82 from any other heading; or (B),2020-07-01
TMEC,841391,CTC,CTH,,,,[AUTO-GN11 cap.84] subheading 8413.91 from any other heading. 42. (A),2020-07-01
TMEC,841392,CTC_OR_RVC,CTH,transaction,60,,"[AUTO-GN11 cap.84] subheading 8413.92 from any other heading; or (B) No change in tariff classification to a good of subheading 8413.92, provided there is a regional value content of not less than: (",2020-07-01
TMEC,8414,CTC,CTH,,,,[AUTO-GN11 cap.84] subheadings 8414.10 through 8414.20 from any other heading; or (B),2020-07-01
TMEC,841430,CTC,CTSH,,,,"[AUTO-GN11 cap.84] subheading 8414.30 from any other subheading, except from tariff item 8414.90.30. 45. (A)",2020-07-01
TMEC,841440,CTC,CTH,,,,[AUTO-GN11 cap.84] subheading 8414.40 from any other heading; or (B),2020-07-01
TMEC,841451,CTC,CTSH,,,,[AUTO-GN11 cap.84] subheading 8414.51 from any other subheading. Subheading rule: The underscoring of the designations in subdivision 47 pertain to goods provided for in subheadings 8414.59 through 8,2020-07-01
TMEC,841490,CTC_OR_RVC,CTH,transaction,60,,"[AUTO-GN11 cap.84] subheading 8414.90 from any other heading; or (B) No change in tariff classification to a good of subheading 8414.90, provided there is a regional value content of not less than: (",2020-07-01
TMEC,841510,CTC,CTSH,,,,"[AUTO-GN11 cap.84] self-contained window or wall type air conditioning machines of subheading 8415.10 from any other subheading, except from tariff item 8415.90.40 or assemblies incorporating more th",2020-07-01
TMEC,841590,CTC,CTH,,,,[AUTO-GN11 cap.84] subheading 8415.90 from any other heading. 53. (A),2020-07-01
TMEC,8416,CTC,CTH,,,,[AUTO-GN11 cap.84] subheadings 8416.10 through 8416.30 from any other heading; or (B),2020-07-01
TMEC,841690,CTC,CTH,,,,[AUTO-GN11 cap.84] subheading 8416.90 from any other heading. 55. (A),2020-07-01
TMEC,8417,CTC,CTH,,,,[AUTO-GN11 cap.84] subheadings 8417.10 through 8417.80 from any other heading; or (B),2020-07-01
TMEC,841790,CTC,CTH,,,,[AUTO-GN11 cap.84] subheading 8417.90 from any other heading. 57.,2020-07-01
TMEC,841829,CTC,CTH,,,,[AUTO-GN11 cap.84] absorption-type electrical household refrigerators of subheading 8418.29 from any other heading; (B),2020-07-01
TMEC,8418,CTC,CTH,,,,[AUTO-GN11 cap.84] subheadings 8418.50 through 8418.69 from any other heading; or (B),2020-07-01
TMEC,841891,CTC,CTSH,,,,[AUTO-GN11 cap.84] subheading 8418.91 from any other subheading. 62.,2020-07-01
TMEC,841899,CTC,CTH,,,,[AUTO-GN11 cap.84] subheading 8418.99 from any other heading. 64. (A),2020-07-01
TMEC,8419,CTC,CTH,,,,[AUTO-GN11 cap.84] subheadings 8419.11 through 8419.89 from any other heading; or (B),2020-07-01
TMEC,841990,CTC_OR_RVC,CTH,transaction,60,,"[AUTO-GN11 cap.84] subheading 8419.90 from any other heading; or (B) No change in tariff classification to a good of subheading 8419.90, provided there is a regional value content of not less than: (",2020-07-01
TMEC,842010,CTC,CTH,,,,[AUTO-GN11 cap.84] subheading 8420.10 from any other heading; or (B),2020-07-01
TMEC,8420,CTC,CTH,,,,[AUTO-GN11 cap.84] subheadings 8420.91 through 8420.99 from any other heading. 68. (A),2020-07-01
TMEC,842111,CTC,CTH,,,,[AUTO-GN11 cap.84] subheading 8421.11 from any other heading; or (B),2020-07-01
TMEC,842112,CTC,CTSH,,,,"[AUTO-GN11 cap.84] subheading 8421.12 from any other subheading, except from tariff items 8421.91.20, 8421.91.40 or 8537.10.30. Subheading rule: The underscoring of the designations in subdivision 70",2020-07-01
TMEC,8421,CTC,CTH,,,,[AUTO-GN11 cap.84] subheadings 8421.19 through 8421.39 from any other heading; or (B),2020-07-01
TMEC,842191,CTC,CTH,,,,[AUTO-GN11 cap.84] subheading 8421.91 from any other heading. 74. (A),2020-07-01
TMEC,842199,CTC_OR_RVC,CTH,transaction,60,,"[AUTO-GN11 cap.84] subheading 8421.99 from any other heading; or (B) No change in tariff classification to a good of subheading 8421.99, provided there is a regional value content of not less than: (",2020-07-01
TMEC,842211,CTC,CTSH,,,,"[AUTO-GN11 cap.84] subheading 8422.11 from any other subheading, except from tariff items 8422.90.02, 8422.90.04, 8537.10.30 or water circulation systems incorporating a pump, whether or not motorize",2020-07-01
TMEC,8422,CTC,CTH,,,,[AUTO-GN11 cap.84] subheadings 8422.19 through 8422.40 from any other heading; or (B),2020-07-01
TMEC,842290,CTC,CTH,,,,[AUTO-GN11 cap.84] subheading 8422.90 from any other heading. 80. (A),2020-07-01
TMEC,8423,CTC,CTH,,,,[AUTO-GN11 cap.84] subheadings 8423.10 through 8423.89 from any other heading; or (B),2020-07-01
TMEC,842390,CTC,CTH,,,,[AUTO-GN11 cap.84] subheading 8423.90 from any other heading. 82.,2020-07-01
TMEC,8424,CTC,CTSH,,,,"[AUTO-GN11 cap.84] subheadings 8424.10 through 8424.89 from any other subheading, including another subheading within that group. 83.",2020-07-01
TMEC,842490,CTC,CTH,,,,[AUTO-GN11 cap.84] subheading 8424.90 from any other heading. 84. (A),2020-07-01
TMEC,8425,CTC,CTH,,,,"[AUTO-GN11 cap.84] headings 8425 through 8426 from any other heading, including another heading within that group, except from heading 84.31; or (B)",2020-07-01
TMEC,8426,CTC,CTH,,,,"[AUTO-GN11 cap.84] headings 8425 through 8426 from any other heading, including another heading within that group, except from heading 84.31; or (B)",2020-07-01
TMEC,843120,CTC,CTH,,,,"[AUTO-GN11 cap.84] tariff item 8427.10.40 from any other heading, except from subheadings 8431.20 or 8483.40 or heading 8501; or Harmonized Tariff Schedule of the United States Revision 9 (2026) Anno",2020-07-01
TMEC,842710,CTC,CTH,,,,"[AUTO-GN11 cap.84] subheading 8427.10 from any other heading, except from subheading 8431.20; or (B)",2020-07-01
TMEC,842720,CTC,CTSH,,,,[AUTO-GN11 cap.84] subheading 8427.20 from any other subheading. 88. (A),2020-07-01
TMEC,842790,CTC,CTH,,,,"[AUTO-GN11 cap.84] subheading 8427.90 from any other heading, except from subheading 8431.20; or (B)",2020-07-01
TMEC,8428,CTC,CTSH,,,,"[AUTO-GN11 cap.84] subheadings 8428.10 through 8430.69 from any other subheading, including another subheading within that group. 90. (A)",2020-07-01
TMEC,8429,CTC,CTSH,,,,"[AUTO-GN11 cap.84] subheadings 8428.10 through 8430.69 from any other subheading, including another subheading within that group. 90. (A)",2020-07-01
TMEC,8430,CTC,CTSH,,,,"[AUTO-GN11 cap.84] subheadings 8428.10 through 8430.69 from any other subheading, including another subheading within that group. 90. (A)",2020-07-01
TMEC,8431,CTC,CTH,,,,"[AUTO-GN11 cap.84] subheadings 8431.10 through 8431.49 from any other heading; or (B) No change in tariff classification to a good of subheadings 8431.10 through 8431.49, provided there is a regional",2020-07-01
TMEC,8432,CTC,CTSH,,,,"[AUTO-GN11 cap.84] subheadings 8432.10 through 8432.80 from any other subheading, including another subheading within that group. 92.",2020-07-01
TMEC,843290,CTC,CTH,,,,[AUTO-GN11 cap.84] subheading 8432.90 from any other heading. 93.,2020-07-01
TMEC,8433,CTC,CTSH,,,,"[AUTO-GN11 cap.84] subheadings 8433.11 through 8433.60 from any other subheading, including another subheading within that group. 94.",2020-07-01
TMEC,843390,CTC,CTH,,,,[AUTO-GN11 cap.84] subheading 8433.90 from any other heading. 95. (A),2020-07-01
TMEC,8434,CTC,CTH,,,,[AUTO-GN11 cap.84] subheadings 8434.10 through 8434.20 from any other heading; or (B),2020-07-01
TMEC,843490,CTC,CTH,,,,[AUTO-GN11 cap.84] subheading 8434.90 from any other heading. 97.,2020-07-01
TMEC,843590,CTC,CTH,,,,[AUTO-GN11 cap.84] subheading 8435.90 from any other heading. Harmonized Tariff Schedule of the United States Revision 9 (2026) Annotated for Statistical Reporting Purposes GN p.79 USMCA 99.,2020-07-01
TMEC,8436,CTC,CTSH,,,,"[AUTO-GN11 cap.84] subheadings 8436.10 through 8436.80 from any other subheading, including another subheading within thatgroup. 100.",2020-07-01
TMEC,8437,CTC,CTH,,,,[AUTO-GN11 cap.84] subheadings 8437.10 through 8437.80 from any other heading; or (B),2020-07-01
TMEC,843790,CTC,CTH,,,,[AUTO-GN11 cap.84] subheading 8437.90 from any other heading. 103. (A),2020-07-01
TMEC,8438,CTC,CTH,,,,[AUTO-GN11 cap.84] subheadings 8438.10 through 8438.80 from any other heading; or (B),2020-07-01
TMEC,843890,CTC,CTH,,,,[AUTO-GN11 cap.84] subheading 8438.90 from any other heading. 105. (A),2020-07-01
TMEC,8439,CTC,CTH,,,,[AUTO-GN11 cap.84] subheadings 8439.10 through 8439.30 from any other heading; or (B),2020-07-01
TMEC,844010,CTC,CTH,,,,[AUTO-GN11 cap.84] subheading 8440.10 from any other heading; or (B),2020-07-01
TMEC,844090,CTC,CTH,,,,[AUTO-GN11 cap.84] subheading 8440.90 from any other heading. 109. (A),2020-07-01
TMEC,8441,CTC,CTH,,,,[AUTO-GN11 cap.84] subheadings 8441.10 through 8441.80 from any other heading; or (B),2020-07-01
TMEC,844190,CTC_OR_RVC,CTH,transaction,60,,"[AUTO-GN11 cap.84] subheading 8441.90 from any other heading; or (B) No change in tariff classification to a good of subheading 8441.90, provided there is a regional value content of not less than: H",2020-07-01
TMEC,844230,CTC,CTH,,,,[AUTO-GN11 cap.84] subheading 8442.30 from any other heading; or (B),2020-07-01
TMEC,8442,CTC,CTH,,,,[AUTO-GN11 cap.84] subheadings 8442.40 through 8442.50 from any other heading. 113. (A),2020-07-01
TMEC,8443,CTC,CTH,,,,[AUTO-GN11 cap.84] subheadings 8443.11 through 8443.19 from any other heading; or (B),2020-07-01
TMEC,844391,CTC,CTSH,,,,[AUTO-GN11 cap.84] subheading 8443.91 from any other subheading; or (B),2020-07-01
TMEC,8444,CTC_AND_RVC,CTH,transaction,60,,"[AUTO-GN11 cap.84] headings 8444 through 8447 from heading 8448, whether or not there is also a change from any other heading, provided there is a regional value content of not less than: (1) 60 perc",2020-07-01
TMEC,8445,CTC_AND_RVC,CTH,transaction,60,,"[AUTO-GN11 cap.84] headings 8444 through 8447 from heading 8448, whether or not there is also a change from any other heading, provided there is a regional value content of not less than: (1) 60 perc",2020-07-01
TMEC,8446,CTC_AND_RVC,CTH,transaction,60,,"[AUTO-GN11 cap.84] headings 8444 through 8447 from heading 8448, whether or not there is also a change from any other heading, provided there is a regional value content of not less than: (1) 60 perc",2020-07-01
TMEC,8447,CTC_AND_RVC,CTH,transaction,60,,"[AUTO-GN11 cap.84] headings 8444 through 8447 from heading 8448, whether or not there is also a change from any other heading, provided there is a regional value content of not less than: (1) 60 perc",2020-07-01
TMEC,8448,CTC,CTH,,,,[AUTO-GN11 cap.84] subheadings 8448.11 through 8448.19 from any other heading; or (B),2020-07-01
TMEC,8449,CTC,CTH,,,,[AUTO-GN11 cap.84] heading 8449 from any other heading. Harmonized Tariff Schedule of the United States Revision 9 (2026) Annotated for Statistical Reporting Purposes GN p.81 USMCA 121.,2020-07-01
TMEC,845090,CTC,CTH,,,,[AUTO-GN11 cap.84] subheading 8450.90 from any other heading. 125. (A),2020-07-01
TMEC,845110,CTC,CTH,,,,[AUTO-GN11 cap.84] subheading 8451.10 from any other heading; or (B),2020-07-01
TMEC,8451,CTC,CTH,,,,[AUTO-GN11 cap.84] subheadings 8451.30 through 8451.80 from any other heading; or (B),2020-07-01
TMEC,845190,CTC,CTH,,,,[AUTO-GN11 cap.84] subheading 8451.90 from any other heading. 131. (A),2020-07-01
TMEC,8452,CTC,CTH,,,,[AUTO-GN11 cap.84] subheadings 8452.10 through 8452.30 from any other heading; or (B),2020-07-01
TMEC,845290,CTC,CTH,,,,[AUTO-GN11 cap.84] subheading 8452.90 from any other heading. 133. (A),2020-07-01
TMEC,8453,CTC,CTH,,,,[AUTO-GN11 cap.84] subheadings 8453.10 through 8453.80 from any other heading; or (B),2020-07-01
TMEC,845390,CTC,CTH,,,,[AUTO-GN11 cap.84] subheading 8453.90 from any other heading. 135. (A),2020-07-01
TMEC,8454,CTC,CTH,,,,[AUTO-GN11 cap.84] subheadings 8454.10 through 8454.30 from any other heading; or Harmonized Tariff Schedule of the United States Revision 9 (2026) Annotated for Statistical Reporting Purposes GN p.8,2020-07-01
TMEC,845490,CTC,CTH,,,,[AUTO-GN11 cap.84] subheading 8454.90 from any other heading. 137.,2020-07-01
TMEC,845530,CTC,CTH,,,,[AUTO-GN11 cap.84] subheading 8455.30 from any other heading; or (B),2020-07-01
TMEC,845590,CTC,CTH,,,,[AUTO-GN11 cap.84] subheading 8455.90 from any other heading. 140.,2020-07-01
TMEC,845610,CTC,CTH,,,,"[AUTO-GN11 cap.84] subheading 8456.10 from any other heading, except from more than one of the following: (A) tariff items 8466.93.15, 8466.93.30 or 8466.93.53, (B) subheading 8537.10, (C) subheading",2020-07-01
TMEC,8456,CTC,CTH,,,,"[AUTO-GN11 cap.84] subheadings 8456.20 through 8456.30 from any other heading, except from more than one of the following: (A) subheadings 8413.50 through 8413.60, (B) tariff items 8466.93.15, 8466.9",2020-07-01
TMEC,8457,CTC,CTH,,,,"[AUTO-GN11 cap.84] heading 8457 from any other heading, except from heading 8459 or more than one of the following: (A) subheadings 8413.50 through 8413.60, (B) tariff items 8466.93.15, 8466.93.30 or",2020-07-01
TMEC,845811,CTC,CTH,,,,"[AUTO-GN11 cap.84] subheading 8458.11 from any other heading, except from more than one of the following: (A) subheadings 8413.50 through 8413.60, (B) tariff items 8466.93.15, 8466.93.30 or 8466.93.5",2020-07-01
TMEC,845819,CTC,CTH,,,,"[AUTO-GN11 cap.84] subheading 8458.19 from any other heading, except from tariff items 8466.93.15, 8466.93.30 or 8466.93.53,or subheadings 8501.32 or 8501.52. 146.",2020-07-01
TMEC,845891,CTC,CTH,,,,"[AUTO-GN11 cap.84] subheading 8458.91 from any other heading, except from more than one of the following: (A) subheadings 8413.50 through 8413.60, (B) tariff items 8466.93.15, 8466.93.30 or 8466.93.5",2020-07-01
TMEC,845899,CTC,CTH,,,,"[AUTO-GN11 cap.84] subheading 8458.99 from any other heading, except from tariff items 8466.93.15, 8466.93.30 or 8466.93.53,or subheadings 8501.32 or 8501.52. 148.",2020-07-01
TMEC,845910,CTC,CTH,,,,"[AUTO-GN11 cap.84] subheading 8459.10 from any other heading, except from tariff items 8466.93.15, 8466.93.30 or 8466.93.53,or subheadings 8501.32 or 8501.52. 149. (A)",2020-07-01
TMEC,845921,CTC,CTH,,,,"[AUTO-GN11 cap.84] subheading 8459.21 from any other heading, except from more than one of the following: [Compiler's note: the following numbered provisions 1-4 are subordinate to this subdivision.]",2020-07-01
TMEC,845929,CTC,CTH,,,,"[AUTO-GN11 cap.84] subheading 8459.29 from any other heading, except from tariff items 8466.93.15, 8466.93.30 or 8466.93.53,or subheadings 8501.32 or 8501.52. 151. (A)",2020-07-01
TMEC,845931,CTC,CTH,,,,"[AUTO-GN11 cap.84] subheading 8459.31 from any other heading, except from more than one of the following: [Compiler's note: the following subdivisions 1-4 are subordinate to this subdivivsion.] (1) s",2020-07-01
TMEC,845939,CTC,CTH,,,,"[AUTO-GN11 cap.84] subheading 8459.39 from any other heading, except from tariff items 8466.93.15, 8466.93.30 or 8466.93.53, or subheadings 8501.32 or 8501.52. 153. (A)",2020-07-01
TMEC,8459,CTC,CTH,,,,"[AUTO-GN11 cap.84] subheadings 8459.40 through 8459.51 from any other heading, except from more than one of the following: [Compiler's note: The following subdivisions 1-4 are subordinate to this sub",2020-07-01
TMEC,845959,CTC,CTH,,,,"[AUTO-GN11 cap.84] subheading 8459.59 from any other heading, except from tariff items 8466.93.15, 8466.93.30 or 8466.93.53,or subheadings 8501.32 or 8501.52. 155. (A)",2020-07-01
TMEC,845961,CTC,CTH,,,,"[AUTO-GN11 cap.84] subheading 8459.61 from any other heading, except from more than one of the following: [Compiler's note:The following subdivisions 1-4 are subordinate to this subdivision.] (1) sub",2020-07-01
TMEC,845969,CTC,CTH,,,,"[AUTO-GN11 cap.84] subheading 8459.69 from any other heading, except from tariff items 8466.93.15, 8466.93.30 or 8466.93.53,or subheadings 8501.32 or 8501.52. 157. (A)",2020-07-01
TMEC,845970,CTC,CTH,,,,"[AUTO-GN11 cap.84] subheading 8459.70 from any other heading, except from tariff items 8466.93.15, 8466.93.30 or 8466.93.53,or subheadings 8501.32 or 8501.52. 159.",2020-07-01
TMEC,846011,CTC,CTH,,,,"[AUTO-GN11 cap.84] subheading 8460.11 from any other heading, except from more than one of the following: (A) subheadings 8413.50 through 8413.60, (B) tariff items 8466.93.15, 8466.93.30 or 8466.93.5",2020-07-01
TMEC,846019,CTC,CTH,,,,"[AUTO-GN11 cap.84] subheading 8460.19 from any other heading, except from tariff items 8466.93.15, 8466.93.30 or 8466.93.53,or subheadings 8501.32 or 8501.52. 161.",2020-07-01
TMEC,846021,CTC,CTH,,,,"[AUTO-GN11 cap.84] subheading 8460.21 from any other heading, except from more than one of the following: (A) subheadings 8413.50 through 8413.60, (B) tariff items 8466.93.15, 8466.93.30 or 8466.93.5",2020-07-01
TMEC,846029,CTC,CTH,,,,"[AUTO-GN11 cap.84] subheading 8460.29 from any other heading, except from tariff items 8466.93.15, 8466.93.30 or 8466.93.53,or subheadings 8501.32 or 8501.52. 163.",2020-07-01
TMEC,846031,CTC,CTH,,,,"[AUTO-GN11 cap.84] subheading 8460.31 from any other heading, except from more than one of the following: (A) subheadings 8413.50 through 8413.60, (B) tariff items 8466.93.15, 8466.93.30 or 8466.93.5",2020-07-01
TMEC,846039,CTC,CTH,,,,"[AUTO-GN11 cap.84] subheading 8460.39 from any other heading, except from tariff items 8466.93.15, 8466.93.30 or 8466.93.53,or subheadings 8501.32 or 8501.52. 165.",2020-07-01
TMEC,846040,CTC,CTH,,,,"[AUTO-GN11 cap.84] subheading 8460.40 from any other heading, except from tariff items 8466.93.15, 8466.93.30 or 8466.93.53,or subheadings 8501.32 or 8501.52. 167.",2020-07-01
TMEC,846090,CTC,CTH,,,,"[AUTO-GN11 cap.84] subheading 8460.90 from any other heading, except from tariff items 8466.93.15, 8466.93.30 or 8466.93.53,or subheadings 8501.32 or 8501.52. 169.",2020-07-01
TMEC,846120,CTC,CTH,,,,"[AUTO-GN11 cap.84] subheading 8461.20 from any other heading, except from tariff items 8466.93.15, 8466.93.30 or 8466.93.53. 171.",2020-07-01
TMEC,846130,CTC,CTH,,,,"[AUTO-GN11 cap.84] subheading 8461.30 from any other heading, except from tariff items 8466.93.15, 8466.93.30 or 8466.93.53. 173.",2020-07-01
TMEC,846140,CTC,CTH,,,,"[AUTO-GN11 cap.84] subheading 8461.40 from any other heading, except from tariff items 8466.93.15, 8466.93.30 or 8466.93.53. 174.",2020-07-01
TMEC,846150,CTC,CTH,,,,"[AUTO-GN11 cap.84] subheading 8461.50 from any other heading, except from tariff items 8466.93.15, 8466.93.30 or 8466.93.53. 176.",2020-07-01
TMEC,846190,CTC,CTH,,,,"[AUTO-GN11 cap.84] subheading 8461.90 from any other heading, except from tariff items 8466.93.15, 8466.93.30 or 8466.93.53. Harmonized Tariff Schedule of the United States Revision 9 (2026) Annotate",2020-07-01
TMEC,846210,CTC,CTH,,,,"[AUTO-GN11 cap.84] subheading 8462.10 from any other heading, except from tariff items 8466.94.20, 8466.94.65, 8483.50.40, 8483.50.60 or 8483.50.90. 179.",2020-07-01
TMEC,846221,CTC,CTH,,,,"[AUTO-GN11 cap.84] subheading 8462.21 from any other heading, except from more than one of the following: (A) subheadings 8413.50 through 8413.60, (B) tariff items 8466.94.20 or 8466.94.65, (C) tarif",2020-07-01
TMEC,846229,CTC,CTH,,,,"[AUTO-GN11 cap.84] subheading 8462.29 from any other heading, except from tariff items 8466.94.20, 8466.94.65, 8483.50.40, 8483.50.60 or 8483.50.90. 181.",2020-07-01
TMEC,846231,CTC,CTH,,,,"[AUTO-GN11 cap.84] subheading 8462.31 from any other heading, except from more than one of the following: (A) subheadings 8413.50 through 8413.60, (B) tariff items 8466.94.20 or 8466.94.65, (C) tarif",2020-07-01
TMEC,846239,CTC,CTH,,,,"[AUTO-GN11 cap.84] subheading 8462.39 from any other heading, except from tariff items 8466.94.20, 8466.94.65, 8483.50.40, 8483,.50.60 or 8483.50.90. 183.",2020-07-01
TMEC,846241,CTC,CTH,,,,"[AUTO-GN11 cap.84] subheading 8462.41 from any other heading, except from more than one of the following: (A) subheadings 8413.50 through 8413.60, (B) tariff items 8466.94.20 or 8466.94.65, (C) tarif",2020-07-01
TMEC,846249,CTC,CTH,,,,"[AUTO-GN11 cap.84] subheading 8462.49 from any other heading, except from tariff items 8466.94.20, 8466.94.65, 8483.50.40, 8483.50.60 or 8483.50.90. 185.",2020-07-01
TMEC,846291,CTC,CTH,,,,[AUTO-GN11 cap.84] subheading 8462.91 from any other heading. 186.,2020-07-01
TMEC,846299,CTC,CTH,,,,"[AUTO-GN11 cap.84] subheading 8462.99 from any other heading, except from tariff items 8466.94.20, 8466.94.65, 8483.50.40, 8483.50.60 or 8483.50.90. 188.",2020-07-01
TMEC,8463,CTC,CTH,,,,"[AUTO-GN11 cap.84] heading 8463 from any other heading, except from tariff items 8466.94.20, 8466.94.65, 8483.50.40, 8483.50.60 or 8483.50.90 or subheadings 8501.32 or 8501.52. 189. (A)",2020-07-01
TMEC,8464,CTC,CTH,,,,"[AUTO-GN11 cap.84] heading 8464 from any other heading, except from subheading 8466.91; or (B)",2020-07-01
TMEC,8465,CTC,CTH,,,,"[AUTO-GN11 cap.84] heading 8465 from any other heading, except from subheading 8466.92; or (B)",2020-07-01
TMEC,8466,CTC_OR_RVC,CTSH,transaction,60,,[AUTO-GN11 cap.84] heading 8466 from any other subheading; or (B) No change in tariff classification to a good of heading 8466 provided there is a regional value content of not less than: (1) 60 perc,2020-07-01
TMEC,8467,CTC,CTH,,,,[AUTO-GN11 cap.84] subheadings 8467.11 through 8467.19 from any other heading; or (B),2020-07-01
TMEC,8468,CTC,CTH,,,,[AUTO-GN11 cap.84] subheadings 8468.10 through 8468.80 from any other heading; or (B),2020-07-01
TMEC,846890,CTC,CTH,,,,[AUTO-GN11 cap.84] subheading 8468.90 from any other heading. 198. (A),2020-07-01
TMEC,8469,CTC,CTH,,,,"[AUTO-GN11 cap.84] word-processing machines of heading 8469 from any other heading, except from heading 8473; or (B)",2020-07-01
TMEC,8470,CTC,CTH,,,,"[AUTO-GN11 cap.84] heading 8470 from any other heading, except from heading 8473; or (B)",2020-07-01
TMEC,847150,CTC,CTH,,,,"[AUTO-GN11 cap.84] analogue or hybrid automatic data processing machines ofsubheading 8471.50 from any other heading, except from heading 8473; or (B)",2020-07-01
TMEC,847160,CTC,CTSH,,,,"[AUTO-GN11 cap.84] subheading 8471.60 from any other subheading, except from subheading 8471.49. 204.",2020-07-01
TMEC,847170,CTC,CTSH,,,,"[AUTO-GN11 cap.84] subheading 8471.70 from any other subheading, except from subheading 8471.49. 205.",2020-07-01
TMEC,847190,CTC,CTSH,,,,[AUTO-GN11 cap.84] subheading 8471.90 from any other subheading. 209. (A),2020-07-01
TMEC,8472,CTC,CTH,,,,"[AUTO-GN11 cap.84] heading 8472 from any other heading, except from heading 8473; or (B)",2020-07-01
TMEC,847310,CTC,CTH,,,,[AUTO-GN11 cap.84] subheading 8473.10 from any other heading. 213. (A),2020-07-01
TMEC,847321,CTC_OR_RVC,CTH,transaction,60,,"[AUTO-GN11 cap.84] subheading 8473.21 from any other heading; or (B) No change in tariff classification to a good of subheading 8473.21, provided there is a regional value content of not less than: (",2020-07-01
TMEC,847329,CTC_OR_RVC,CTH,transaction,60,,"[AUTO-GN11 cap.84] subheading 8473.29 from any other heading; or (B) No change in tariff classification to a good of subheading 8473.29, provided there is a regional value content of not less than: (",2020-07-01
TMEC,847330,CTC_OR_RVC,CTH,transaction,60,,"[AUTO-GN11 cap.84] subheading 8473.30 from any other heading; or (B) No change in tariff classification to a good of subheading 8473.30, provided there is a regional value content of not less than: (",2020-07-01
TMEC,847340,CTC_OR_RVC,CTH,transaction,60,,"[AUTO-GN11 cap.84] subheading 8473.40 from any other heading; or (B) No change in tariff classification to a good of subheading 8473.40, provided there is a regional value content of not less than: (",2020-07-01
TMEC,847350,CTC_OR_RVC,CTH,transaction,60,,"[AUTO-GN11 cap.84] subheading 8473.50 from any other heading; or (B) No change in tariff classification to a good of subheading 8473.50, provided there is a regional value content of not less than: (",2020-07-01
TMEC,8474,CTC,CTH,,,,[AUTO-GN11 cap.84] subheadings 8474.10 through 8474.80 from any other heading; or (B),2020-07-01
TMEC,847490,CTC_OR_RVC,CTH,transaction,60,,"[AUTO-GN11 cap.84] subheading 8474.90 from any other heading; or (B) No change in tariff classification to a good of subheading 8474.90, provided there is a regional value content of not less than: (",2020-07-01
TMEC,8475,CTC,CTH,,,,[AUTO-GN11 cap.84] subheadings 8475.10 through 8475.29 from any other heading; or (B),2020-07-01
TMEC,847590,CTC,CTH,,,,[AUTO-GN11 cap.84] subheading 8475.90 from any other heading. 226. (A),2020-07-01
TMEC,8476,CTC,CTH,,,,[AUTO-GN11 cap.84] subheadings 8476.21 through 8476.89 from any other heading; or (B),2020-07-01
TMEC,847690,CTC,CTH,,,,[AUTO-GN11 cap.84] subheading 8476.90 from any other heading. 228.,2020-07-01
TMEC,847710,CTC,CTSH,,,,"[AUTO-GN11 cap.84] subheading 8477.10 from any other subheading, except from tariff item 8477.90.25 or more than one of the following: (A) Tariff item 8477.90.45, (B) Subheading 8537.10. 229.",2020-07-01
TMEC,847720,CTC,CTSH,,,,"[AUTO-GN11 cap.84] subheading 8477.20 from any other subheading, except from tariff item 8477.90.25 or more than one of the following: Harmonized Tariff Schedule of the United States Revision 9 (2026",2020-07-01
TMEC,847730,CTC,CTSH,,,,"[AUTO-GN11 cap.84] subheading 8477.30 from any other subheading, except from tariff item 8477.90.25 or more than one of the following: (A) Tariff item 8477.90.65, (B) Subheading 8537.10. 231. (A)",2020-07-01
TMEC,8477,CTC,CTH,,,,[AUTO-GN11 cap.84] subheadings 8477.40 through 8477.80 from any other heading; or (B),2020-07-01
TMEC,847790,CTC,CTH,,,,[AUTO-GN11 cap.84] subheading 8477.90 from any other heading. 233. (A),2020-07-01
TMEC,847810,CTC,CTH,,,,[AUTO-GN11 cap.84] subheading 8478.10 from any other heading; or (B),2020-07-01
TMEC,847890,CTC,CTH,,,,[AUTO-GN11 cap.84] subheading 8478.90 from any other heading. 235.,2020-07-01
TMEC,8479,CTC,CTSH,,,,"[AUTO-GN11 cap.84] subheadings 8479.10 through 8479.82 from any other subheading, including another subheading within that group. Subheading rule: The underscoring of the designations in subdivision ",2020-07-01
TMEC,847989,CTC,CTSH,,,,[AUTO-GN11 cap.84] any other good of subheading 8479.89 from any other subheading. 237.,2020-07-01
TMEC,847990,CTC,CTH,,,,[AUTO-GN11 cap.84] subheading 8479.90 from any other heading. 242.,2020-07-01
TMEC,8480,CTC,CTH,,,,[AUTO-GN11 cap.84] heading 8480 from any other heading. Subheading rule: The underscoring of the designations in subdivision 243 pertain to goods provided for in subheadings 8481.10 through 8481.30 f,2020-07-01
TMEC,8481,CTC,CTH,,,,[AUTO-GN11 cap.84] subheadings 8481.10 through 8481.30 from any other heading; or (B),2020-07-01
TMEC,848190,CTC,CTH,,,,[AUTO-GN11 cap.84] subheading 8481.90 from any other heading. Subheading rule: The underscoring of the designations in subdivision 246 pertain to goods provided for in subheadings 8482.10 through 848,2020-07-01
TMEC,8482,CTC,CTH,,,,[AUTO-GN11 cap.84] subheadings 8482.91 through 8482.99 from any other heading. Subheading rule: The underscoring of the designations in subdivision 248 pertain to goods provided for in subheading 848,2020-07-01
TMEC,848310,CTC,CTH,,,,[AUTO-GN11 cap.84] subheading 8483.10 from any other heading; or (B),2020-07-01
TMEC,848320,CTC,CTSH,,,,"[AUTO-GN11 cap.84] subheading 8483.20 from any other subheading, except from subheadings 8482.10 through 8482.80, tariff items 8482.99.05, 8482.99.15 or 8482.99.25, or subheading 8483.90; or (B)",2020-07-01
TMEC,848330,CTC,CTH,,,,[AUTO-GN11 cap.84] subheading 8483.30 from any other heading; or (B),2020-07-01
TMEC,8483,CTC,CTSH,,,,"[AUTO-GN11 cap.84] subheadings 8483.40 through 8483.90 from any other subheading, including another subheading within that group. 252.",2020-07-01
TMEC,8484,CTC,CTH,,,,[AUTO-GN11 cap.84] heading 8484 from any other heading. 253.,2020-07-01
TMEC,8487,CTC,CTH,,,,[AUTO-GN11 cap.84] heading 8487 from any other heading.,2020-07-01
TMEC,8501,CTC,CTH,,,,"[AUTO-GN11 cap.85] heading 8501 from any other heading, except from tariff items 8503.00.35, 8503.00.45 or 8503.00.65; or (B)",2020-07-01
TMEC,8502,CTC,CTH,,,,"[AUTO-GN11 cap.85] heading 8502 from any other heading, except from headings 8406, 8411, 8501 or 8503; or (B)",2020-07-01
TMEC,8503,CTC,CTH,,,,[AUTO-GN11 cap.85] heading 8503 from any other heading. 4.,2020-07-01
TMEC,850410,CTC,CTSH,,,,"[AUTO-GN11 cap.85] subheading 8504.10 from any other subheading. Subheading Rule: Beginning on July 1, 2020 until July 1, 2025, the following rules of origin shall apply to subheadings 8504.21 throug",2020-07-01
TMEC,8504,CTC,CTH,,,,[AUTO-GN11 cap.85] subheadings 8504.21 through 8504.34 from any other heading; or (b),2020-07-01
TMEC,847149,CTC,CTSH,,,,"[AUTO-GN11 cap.85] tariff item 8504.40.60 from any other subheading, except from subheading 8471.49. 7.",2020-07-01
TMEC,850440,CTC,CTSH,,,,[AUTO-GN11 cap.85] subheading 8504.40 from any other subheading. 8. (A),2020-07-01
TMEC,850450,CTC,CTH,,,,[AUTO-GN11 cap.85] subheading 8504.50 from any other heading; or (B),2020-07-01
TMEC,850490,CTC_OR_RVC,CTH,transaction,60,,"[AUTO-GN11 cap.85] subheading 8504.90 from any other heading; or (b) No change in tariff classification to a good of subheading 8504.90, provided there is a regional value content of not less than: (",2020-07-01
TMEC,8505,CTC,CTH,,,,[AUTO-GN11 cap.85] subheadings 8505.11 through 8505.20 from any other heading; or (B),2020-07-01
TMEC,850590,CTC_OR_RVC,CTH,transaction,60,,"[AUTO-GN11 cap.85] subheading 8505.90 from any other heading; or (B) No change in tariff classification to a good of subheading 8505.90, provided there is a regional value content of not less than: (",2020-07-01
TMEC,8506,CTC,CTSH,,,,"[AUTO-GN11 cap.85] subheadings 8506.10 through 8506.40 from any other subheading, including another subheading within that group. 14.",2020-07-01
TMEC,8507,CTC,CTH,,,,"[AUTO-GN11 cap.85] subheadings 8507.10 through 8507.50 from any other heading, except from tariff items 8548.10.05 or 8548.10.15, or (B)",2020-07-01
TMEC,850760,CTC,CTSH,,,,"[AUTO-GN11 cap.85] a battery of subheading 8507.60, of a kind used as the primary source of electrical power for the propulsion of an electric passenger vehicle or light truck from any other subheadi",2020-07-01
TMEC,850780,CTC,CTH,,,,"[AUTO-GN11 cap.85] subheading 8507.80 from any other heading, except from tariff items 8548.10.05 or 8548.10.15; or (B)",2020-07-01
TMEC,850790,CTC_OR_RVC,CTH,transaction,60,,"[AUTO-GN11 cap.85] subheading 8507.90 from any other heading, except from tariff items 8548.10.05 or 8548.10.15; or (B) No change in tariff classification to a good of subheading 8507.90, provided th",2020-07-01
TMEC,850811,CTC,CTSH,,,,"[AUTO-GN11 cap.85] subheading 8508.11 from any other subheading, except from heading 8501, subheading 8508.19 or housings of subheading 8508.70; or (B)",2020-07-01
TMEC,850819,CTC,CTSH,,,,"[AUTO-GN11 cap.85] domestic vacuum cleaners of subheading 8508.19 from any other subheading, except from heading 8501, subheading 8508.11 or housings of subheading 8508.70; (B)",2020-07-01
TMEC,850860,CTC,CTH,,,,"[AUTO-GN11 cap.85] subheading 8508.60 from any other heading, except from heading 8479; or (B)",2020-07-01
TMEC,850870,CTC,CTH,,,,"[AUTO-GN11 cap.85] parts of domestic vacuum cleaners of subheading 8508.70 from any other heading, except from heading 8509; (B) No change in tariff classification to parts of domestic vacuum cleaner",2020-07-01
TMEC,850940,CTC,CTSH,,,,[AUTO-GN11 cap.85] subheading 8509.40 from any other subheading. 25.,2020-07-01
TMEC,850990,CTC_OR_RVC,CTH,transaction,60,,"[AUTO-GN11 cap.85] subheading 8509.90 from any other heading; or (B) No change in tariff classification to a good of subheading 8509.90, provided there is a regional value content of not less than: (",2020-07-01
TMEC,8510,CTC,CTH,,,,[AUTO-GN11 cap.85] subheadings 8510.10 through 8510.30 from any other heading; or (B),2020-07-01
TMEC,851090,CTC,CTH,,,,[AUTO-GN11 cap.85] subheading 8510.90 from any other heading. Subheading rule: The underscoring of the designations in subdivision 29 pertain to goods provided for in subheadings 8511.10 through 8511,2020-07-01
TMEC,8511,CTC,CTSH,,,,"[AUTO-GN11 cap.85] subheadings 8511.10 through 8511.80 from any other subheading, including another subheading within that group. Subheading rule: The underscoring of the designation in subdivision 3",2020-07-01
TMEC,851190,CTC_OR_RVC,CTH,transaction,60,,"[AUTO-GN11 cap.85] subheading 8511.90 from any other heading; or (B) No change in tariff classification to a good of subheading 8511.90, provided there is a regional value content of not less than: (",2020-07-01
TMEC,8512,CTC,CTH,,,,[AUTO-GN11 cap.85] subheadings 8512.10 through 8512.40 from any other heading; or (B),2020-07-01
TMEC,851290,CTC,CTH,,,,[AUTO-GN11 cap.85] subheading 8512.90 from any other heading. 33. (A),2020-07-01
TMEC,851310,CTC,CTH,,,,[AUTO-GN11 cap.85] subheading 8513.10 from any other heading; or (B),2020-07-01
TMEC,851390,CTC,CTH,,,,[AUTO-GN11 cap.85] subheading 8513.90 from any other heading. 35.,2020-07-01
TMEC,8514,CTC,CTSH,,,,"[AUTO-GN11 cap.85] subheadings 8514.10 through 8514.30 from any other subheading, including another subheading within that group. 36. (A)",2020-07-01
TMEC,851440,CTC,CTH,,,,[AUTO-GN11 cap.85] subheading 8514.40 from any other heading; or (B),2020-07-01
TMEC,851490,CTC_OR_RVC,CTH,transaction,60,,"[AUTO-GN11 cap.85] subheading 8514.90 from any other heading; or (B) No change in tariff classification to a good of subheading 8514.90, provided there is a regional value content of not less than: (",2020-07-01
TMEC,8515,CTC,CTH,,,,[AUTO-GN11 cap.85] subheadings 8515.11 through 8515.80 from any other heading; or (B),2020-07-01
TMEC,851590,CTC,CTH,,,,[AUTO-GN11 cap.85] subheading 8515.90 from any other heading. 40.,2020-07-01
TMEC,8516,CTC,CTSH,,,,"[AUTO-GN11 cap.85] subheadings 8516.10 through 8516.80 from any other subheading, including another subheading within that group. 41.",2020-07-01
TMEC,851690,CTC,CTH,,,,"[AUTO-GN11 cap.85] subheading 8516.90 from any other heading; or (B) No change in tariff classification to a good of subheading 8516.90, provided there is a regional value content of notless than: (1",2020-07-01
TMEC,851711,CTC,CTSH,,,,[AUTO-GN11 cap.85] subheading 8517.11 from any other subheading. 48.,2020-07-01
TMEC,8517,CTC,CTSH,,,,"[AUTO-GN11 cap.85] subheadings 8517.12 through 8517.61 from any other subheading, including another subheading within that group. 49.",2020-07-01
TMEC,8518,CTC,CTH,,,,[AUTO-GN11 cap.85] subheadings 8518.40 through 8518.50 from any other heading; or (B),2020-07-01
TMEC,851890,CTC,CTH,,,,[AUTO-GN11 cap.85] subheading 8518.90 from any other heading; or (B),2020-07-01
TMEC,8521,CTC,CTSH,,,,"[AUTO-GN11 cap.85] subheadings 8521.10 through 8521.90 from any other subheading, including another subheading within that group, except from tariff items 8522.90.25, 8522.90.45 or 8522.90.65. 55.",2020-07-01
TMEC,8522,CTC,CTH,,,,[AUTO-GN11 cap.85] heading 8522 from any other heading. 56.,2020-07-01
TMEC,852352,CTC,CTH,,,,"[AUTO-GN11 cap.85] parts of other “smart cards” of subheading 8523.52 from any other heading; or (B) No change in tariff classification to parts of other “smart cards” of subheading 8523.52, provided",2020-07-01
TMEC,8526,CTC,CTSH,,,,"[AUTO-GN11 cap.85] subheadings 8526.10 through 8526.92 from any other subheading, including another subheading within that group. Subheading rule: The underscoring of the designations in subdivision ",2020-07-01
TMEC,8527,CTC,CTSH,,,,"[AUTO-GN11 cap.85] subheadings 8527.12 through 8527.99 from any other subheading, including another subheading within that group, except from printed circuit assemblies (PCAs) of subheading 8529.90. ",2020-07-01
TMEC,8528,CTC_OR_RVC,CTH,transaction,60,,"[AUTO-GN11 cap.85] heading 8528 from any other heading; or (B) No change in tariff classification to a good of heading 8528, provided there is a regional value content of not less than: (1) 60 percen",2020-07-01
TMEC,852910,CTC_OR_RVC,CTH,transaction,60,,"[AUTO-GN11 cap.85] subheading 8529.10 from any other heading; or (B) No change in tariff classification to a good of subheading 8529.10, provided there is a regional value content of not less than: (",2020-07-01
TMEC,8530,CTC,CTH,,,,[AUTO-GN11 cap.85] subheadings 8530.10 through 8530.80 from any other heading; or (B),2020-07-01
TMEC,853090,CTC_OR_RVC,CTH,transaction,60,,"[AUTO-GN11 cap.85] subheading 8530.90 from any other heading; or (B) No change in tariff classification to a good of subheading 8530.90, provided there is a regional value content of not less than: H",2020-07-01
TMEC,853110,CTC,CTSH,,,,[AUTO-GN11 cap.85] subheading 8531.10 from any other subheading. 70.,2020-07-01
TMEC,853180,CTC,CTSH,,,,[AUTO-GN11 cap.85] subheading 8531.80 from any other subheading. 72.,2020-07-01
TMEC,8533,CTC,CTSH,,,,"[AUTO-GN11 cap.85] subheadings 8533.10 through 8533.39 from any other subheading, includinganother subheading within that group. 75.",2020-07-01
TMEC,853340,CTC,CTSH,,,,"[AUTO-GN11 cap.85] subheading 8533.40 from any other subheading, except from tariff item 8533.90.40. 76.",2020-07-01
TMEC,8534,CTC,CTH,,,,[AUTO-GN11 cap.85] heading 8534 from any other heading. 78. (A),2020-07-01
TMEC,8535,CTC,CTH,,,,"[AUTO-GN11 cap.85] heading 8535 from any other heading, except from tariff items 8538.90.10, 8538.90.30 or 8538.90.60; or (B)",2020-07-01
TMEC,8536,CTC,CTH,,,,"[AUTO-GN11 cap.85] subheadings 8536.10 through 8536.20 from any other heading, except from tariff items 8538.90.10, 8538.90.30 or 8538.90.60; or (B)",2020-07-01
TMEC,853630,CTC,CTH,,,,"[AUTO-GN11 cap.85] any other good of subheading 8536.30 from any other heading, except from tariff items 8538.90.10, 8538.90.30 or 8538.90.60; or (B)",2020-07-01
TMEC,853650,CTC,CTH,,,,"[AUTO-GN11 cap.85] any other good of subheading 8536.50 from any other heading, except from tariff items 8538.90.10, 8538.90.30 or 8538.90.60; or (B)",2020-07-01
TMEC,853690,CTC,CTH,,,,"[AUTO-GN11 cap.85] subheading 8536.90 from any other heading, except from tariff items 8538.90.10, 8538.90.30 or 8538.90.60; or (B)",2020-07-01
TMEC,8537,CTC,CTH,,,,"[AUTO-GN11 cap.85] heading 8537 from any other heading, except from printed circuit assemblies of subheading 8538.90 or moulded parts of subheading 8538.90; or (B)",2020-07-01
TMEC,8538,CTC,CTH,,,,[AUTO-GN11 cap.85] subheadings 8538.10 through 8538.90 from any other heading; or (B),2020-07-01
TMEC,8539,CTC,CTSH,,,,"[AUTO-GN11 cap.85] subheadings 8539.10 through 8539.49 from any other subheading, except from any subheading within thatgroup. 92.",2020-07-01
TMEC,853990,CTC,CTH,,,,[AUTO-GN11 cap.85] subheading 8539.90 from any other heading. 93.,2020-07-01
TMEC,854011,CTC,CTH,,,,[AUTO-GN11 cap.85] subheading 8540.11 from any other heading; or (B),2020-07-01
TMEC,85,CTC,CTSH,,,,"[AUTO-GN11 cap.85] tariff items 8540.12.10 or 8540.12.50 from any other subheading, except from more than one of the following: (i) Tariff item 7011.20.10, (ii) Tariff item 8540.91.15. Subheading rul",2020-07-01
TMEC,854012,CTC,CTH,,,,[AUTO-GN11 cap.85] subheading 8540.12 from any other heading; or (B),2020-07-01
TMEC,854020,CTC,CTH,,,,[AUTO-GN11 cap.85] subheading 8540.20 from any other heading; or (B),2020-07-01
TMEC,854071,CTC,CTSH,,,,[AUTO-GN11 cap.85] subheading 8540.71 from any other subheading. 103. (A),2020-07-01
TMEC,8540,CTC,CTSH,,,,"[AUTO-GN11 cap.85] subheadings 8540.81 through 8540.89 from any other subheading, including another subheading within that group. Harmonized Tariff Schedule of the United States Revision 9 (2026) Ann",2020-07-01
TMEC,854091,CTC_OR_RVC,CTH,transaction,60,,"[AUTO-GN11 cap.85] subheading 8540.91 from any other heading; or (B) No change in tariff classification to a good of subheading 8540.91, provided there is a regional value content of not less than: (",2020-07-01
TMEC,854099,CTC_OR_RVC,CTH,transaction,60,,"[AUTO-GN11 cap.85] subheading 8540.99 from any other heading; or (B) No change in tariff classification to a good of subheading 8540.99, provided there is a regional value content of not less than: (",2020-07-01
TMEC,854310,CTC,CTSH,,,,"[AUTO-GN11 cap.85] subheading 8543.10 from any other subheading, except from subheading 8486.20. 111.",2020-07-01
TMEC,8543,CTC,CTSH,,,,"[AUTO-GN11 cap.85] subheadings 8543.20 through 8543.30 from any other subheading, including another subheading within that group. 112.",2020-07-01
TMEC,854370,CTC,CTSH,,,,"[AUTO-GN11 cap.85] subheading 8543.70 from any other subheading, except from “smart” cards, other than those containing a single integrated circuit, of subheading 8523.59. Subheading rule: Notwithsta",2020-07-01
TMEC,8544,CTC_AND_RVC,CTSH,transaction,60,,"[AUTO-GN11 cap.85] subheadings 8544.11 through 8544.60 from any other subheading within that group or headings 7408, 7413, 7605 or 7614, whether or not there is also a change from any other subheadin",2020-07-01
TMEC,854470,CTC,CTSH,,,,"[AUTO-GN11 cap.85] subheading 8544.70 from any other subheading, except from headings 7002 or 9001; or (B)",2020-07-01
TMEC,8545,CTC,CTSH,,,,"[AUTO-GN11 cap.85] subheadings 8545.11 through 8545.90 from any other subheading, including another subheading within that group. 117.",2020-07-01
TMEC,8546,CTC,CTH,,,,[AUTO-GN11 cap.85] heading 8546 from any other heading. 118.,2020-07-01
TMEC,8547,CTC,CTSH,,,,"[AUTO-GN11 cap.85] subheadings 8547.10 through 8547.90 from any other subheading, including another subheading within that group. 119.",2020-07-01
TMEC,854810,CTC,CC,,,,"[AUTO-GN11 cap.85] subheading 8548.10 from any other chapter. Subheading rule: Notwithstanding Article 4.18 (Transit and Transshipment), electronic microassemblies of subheading 8548.90 qualifying un",2020-07-01
TMEC,8601,CTC,CTH,,,,"[AUTO-GN11 cap.86] headings 8601 through 8602 from any other heading, including another heading within that group. 2. (A)",2020-07-01
TMEC,8602,CTC,CTH,,,,"[AUTO-GN11 cap.86] headings 8601 through 8602 from any other heading, including another heading within that group. 2. (A)",2020-07-01
TMEC,8603,CTC,CTH,,,,"[AUTO-GN11 cap.86] headings 8603 through 8606 from any other heading, including another heading within that group,except from heading 8607; or (B)",2020-07-01
TMEC,8604,CTC,CTH,,,,"[AUTO-GN11 cap.86] headings 8603 through 8606 from any other heading, including another heading within that group,except from heading 8607; or (B)",2020-07-01
TMEC,8605,CTC,CTH,,,,"[AUTO-GN11 cap.86] headings 8603 through 8606 from any other heading, including another heading within that group,except from heading 8607; or (B)",2020-07-01
TMEC,8606,CTC,CTH,,,,"[AUTO-GN11 cap.86] headings 8603 through 8606 from any other heading, including another heading within that group,except from heading 8607; or (B)",2020-07-01
TMEC,8607,CTC,CTH,,,,"[AUTO-GN11 cap.86] subheadings 8607.11 through 8607.12 from any other heading, except from headings 7208 through 7229 or 7301 through 7326; (b)",2020-07-01
TMEC,860719,CTC,CTH,,,,[AUTO-GN11 cap.86] subheading 8607.19 from any other heading. 6. (A),2020-07-01
TMEC,860721,CTC_OR_RVC,CTH,transaction,60,,"[AUTO-GN11 cap.86] subheading 8607.21 from any other heading; or (B) No change in tariff classification to a good of subheading 8607.21, provided there is a regional value content of not less than: (",2020-07-01
TMEC,860729,CTC_OR_RVC,CTH,transaction,60,,"[AUTO-GN11 cap.86] subheading 8607.29 from any other heading; or (b) No change in tariff classification to a good of subheading 8607.29, provided there is a regional value content of not less than: (",2020-07-01
TMEC,860730,CTC_OR_RVC,CTH,transaction,60,,"[AUTO-GN11 cap.86] subheading 8607.30 from any other heading; or (B) No change in tariff classification to a good of subheading 8607.30, provided there is a regional value content of not less than: (",2020-07-01
TMEC,860791,CTC_OR_RVC,CTH,transaction,60,,"[AUTO-GN11 cap.86] subheading 8607.91 from any other heading; or (b) No change in tariff classification to a good of subheading 8607.91, provided there is a regional value content of not less than: (",2020-07-01
TMEC,860799,CTC_OR_RVC,CTH,transaction,60,,"[AUTO-GN11 cap.86] subheading 8607.99 from any other heading; or (B) No change in tariff classification to a good of subheading 8607.99, provided there is a regional value content of not less than: (",2020-07-01
TMEC,8608,CTC,CTH,,,,"[AUTO-GN11 cap.86] heading 8608 from any other heading. Heading rule: Beginning on July 1, 2020 until July 1, 2023, the following rule of origin shall apply to heading 8609: (a)",2020-07-01
TMEC,8609,CTC,CTH,,,,"[AUTO-GN11 cap.86] heading 8609 from any other heading. Heading rule: Beginning on July 1, 2023, and thereafter, the following rules of origin shall apply to heading 8609: (a)",2020-07-01
TMEC,870110,CTC_AND_RVC,CTH,transaction,60,,"[AUTO-GN11 cap.87] a good of subheading 8701.10 from any other heading, provided there is a regional value content of not less than 60 percent under the net cost method. 2.",2020-07-01
TMEC,870120,CTC_AND_RVC,CTH,transaction,70,,"[AUTO-GN11 cap.87] a good of subheading 8701.20 from any other heading, provided there is a regional value content of not less than 70 percent under the net cost method. 3.",2020-07-01
TMEC,8701,CTC,CTH,,,,"[AUTO-GN11 cap.87] a good of subheadings 8701.30 through 8701.90 from any other heading, provided there is a regional value content of not less than 60 percent under the net cost method. Harmonized T",2020-07-01
TMEC,870210,CTC_AND_RVC,CTH,transaction,62.5,,"[AUTO-GN11 cap.87] a motor vehicle for the transport of 15 or fewer persons of subheading 8702.10 from any other heading, provided there is a regional value content of not less than 62.5 percent unde",2020-07-01
TMEC,870290,CTC_AND_RVC,CTH,transaction,62.5,,"[AUTO-GN11 cap.87] a motor vehicle for the transport of 15 or fewer persons of subheading 8702.90 from any other heading, provided there is a regional value content of not less than 62.5 percent unde",2020-07-01
TMEC,870310,CTC_AND_RVC,CTH,transaction,60,,"[AUTO-GN11 cap.87] subheading 8703.10 from any other heading, provided there is a regional value content of not less than: (A) 60 percent where the transaction value method is used; or (B) 50 percent",2020-07-01
TMEC,8703,CTC,CTH,,,,"[AUTO-GN11 cap.87] a passenger vehicle of subheadings 8703.21 through 8703.90 from any other heading, provided there is a regional value content of not less than 75 percent under the net cost method;",2020-07-01
TMEC,870410,CTC_AND_RVC,CTH,transaction,60,,"[AUTO-GN11 cap.87] a good of subheading 8704.10 from any other heading, provided there is a regional value content of not less than 60 percent under the net cost method. 9. (A)",2020-07-01
TMEC,870421,CTC_AND_RVC,CTH,transaction,75,,"[AUTO-GN11 cap.87] a light truck of subheading 8704.21 from any other heading, provided there is a regional value content of not less than 75 percent under the net cost method; or (B)",2020-07-01
TMEC,8704,CTC,CTH,,,,"[AUTO-GN11 cap.87] a heavy truck of subheadings 8704.22 through 8704.23 from any other heading, provided there is a regional value content of not less than 70 percent under the net cost method; or (B",2020-07-01
TMEC,870431,CTC_AND_RVC,CTH,transaction,75,,"[AUTO-GN11 cap.87] a light truck of subheading 8704.31 from any other heading, provided there is a regional value content of not less than 75 percent under the net cost method; or (B)",2020-07-01
TMEC,8705,CTC_OR_RVC,CTH,transaction,60,,"[AUTO-GN11 cap.87] heading 8705 from any other heading, provided there is a regional value content of not less than 60 percent under the net cost method. Heading rule: The underscoring of the designa",2020-07-01
TMEC,8707,CTC,CC,,,,[AUTO-GN11 cap.87] heading 8707 from any other chapter; or (B),2020-07-01
TMEC,870810,CTC,CTH,,,,[AUTO-GN11 cap.87] subheading 8708.10 from any other heading; or (B),2020-07-01
TMEC,870821,CTC,CTH,,,,[AUTO-GN11 cap.87] subheading 8708.21 from any other heading; or (B),2020-07-01
TMEC,870829,CTC_OR_RVC,CTH,transaction,70,,"[AUTO-GN11 cap.87] subheading 8708.29 from any other heading; or (B) No change in tariff classification to a good of subheading 8708.29, provided there is a regional value content of not less than 70",2020-07-01
TMEC,870830,CTC,CTH,,,,[AUTO-GN11 cap.87] mounted brake linings of subheading 8708.30 from any other heading; or (B),2020-07-01
TMEC,870840,CTC,CTH,,,,[AUTO-GN11 cap.87] gear boxes of subheading 8708.40 from any other heading; or (B),2020-07-01
TMEC,870850,CTC,CTH,,,,"[AUTO-GN11 cap.87] other drive-axles with differential, whether or not provided with other transmission components, of subheading 8708.50 from any other heading; or (D)",2020-07-01
TMEC,870870,CTC,CTH,,,,[AUTO-GN11 cap.87] subheading 8708.70 from any other heading; or (B),2020-07-01
TMEC,870880,CTC,CTH,,,,[AUTO-GN11 cap.87] any other good subheading 8708.80 from any other heading; (C),2020-07-01
TMEC,870891,CTC,CTH,,,,[AUTO-GN11 cap.87] radiators of subheading 8708.91 from any other heading; (B),2020-07-01
TMEC,870892,CTC,CTH,,,,[AUTO-GN11 cap.87] silencers (mufflers) or exhaust pipes of subheading 8708.92 from any other heading; or (B),2020-07-01
TMEC,870893,CTC,CTH,,,,[AUTO-GN11 cap.87] subheading 8708.93 from any other heading; or (B),2020-07-01
TMEC,870894,CTC,CTH,,,,[AUTO-GN11 cap.87] subheading 8708.94 from any other heading; (B),2020-07-01
TMEC,870895,CTC_OR_RVC,CTH,transaction,70,,"[AUTO-GN11 cap.87] subheading 8708.95 from any other heading; or (B) No change in tariff classification to a good of subheading 8708.95, provided there is a regional value content of not less than 70",2020-07-01
TMEC,870899,CTC_OR_RVC,CTH,transaction,70,,[AUTO-GN11 cap.87] subheading 8708.99 from any other heading; or Harmonized Tariff Schedule of the United States Revision 9 (2026) Annotated for Statistical Reporting Purposes GN p.121 USMCA (B) No c,2020-07-01
TMEC,8709,CTC,CTH,,,,[AUTO-GN11 cap.87] subheadings 8709.11 through 8709.19 from any other heading; or (B),2020-07-01
TMEC,870990,CTC,CTH,,,,[AUTO-GN11 cap.87] subheading 8709.90 from any other heading. 58.,2020-07-01
TMEC,8710,CTC,CTH,,,,[AUTO-GN11 cap.87] heading 8710 from any other heading. 59. (A),2020-07-01
TMEC,8711,CTC,CTH,,,,"[AUTO-GN11 cap.87] headings 8711 through 8713 from any other heading, including another heading within that group,except from heading 8714; or (B)",2020-07-01
TMEC,8712,CTC,CTH,,,,"[AUTO-GN11 cap.87] headings 8711 through 8713 from any other heading, including another heading within that group,except from heading 8714; or (B)",2020-07-01
TMEC,8713,CTC,CTH,,,,"[AUTO-GN11 cap.87] headings 8711 through 8713 from any other heading, including another heading within that group,except from heading 8714; or (B)",2020-07-01
TMEC,8714,CTC,CTH,,,,"[AUTO-GN11 cap.87] headings 8714 through 8715 from any other heading, including another heading within that group. 61. (A)",2020-07-01
TMEC,8715,CTC,CTH,,,,"[AUTO-GN11 cap.87] headings 8714 through 8715 from any other heading, including another heading within that group. 61. (A)",2020-07-01
TMEC,8716,CTC,CTH,,,,[AUTO-GN11 cap.87] subheadings 8716.10 through 8716.80 from any other heading; or (B),2020-07-01
TMEC,871690,CTC_OR_RVC,CTH,transaction,60,,"[AUTO-GN11 cap.87] subheading 8716.90 from any other heading; or (B) No change in tariff classification to a good of subheading 8716.90, provided there is a regional value content of not less than: (",2020-07-01
TMEC,8802,CTC,CTSH,,,,"[AUTO-GN11 cap.88] subheadings 8802.11 through 8803.90 from any other subheading, including another subheading within that group. 3.",2020-07-01
TMEC,8803,CTC,CTSH,,,,"[AUTO-GN11 cap.88] subheadings 8802.11 through 8803.90 from any other subheading, including another subheading within that group. 3.",2020-07-01
TMEC,8804,CTC,CTH,,,,"[AUTO-GN11 cap.88] headings 8804 through 8805 from any other heading, including another heading within that group.",2020-07-01
TMEC,8805,CTC,CTH,,,,"[AUTO-GN11 cap.88] headings 8804 through 8805 from any other heading, including another heading within that group.",2020-07-01
TMEC,8901,CTC,CC,,,,[AUTO-GN11 cap.89] headings 8901 through 8902 from any other chapter; or (B),2020-07-01
TMEC,8902,CTC,CC,,,,[AUTO-GN11 cap.89] headings 8901 through 8902 from any other chapter; or (B),2020-07-01
TMEC,8903,CTC_AND_RVC,CTH,transaction,60,,"[AUTO-GN11 cap.89] heading 8903 from any other heading, provided there is a regional value content of not less than: (1) 60 percent where the transaction value method is used; or (2) 50 percent where",2020-07-01
TMEC,8904,CTC,CC,,,,[AUTO-GN11 cap.89] headings 8904 through 8905 from any other chapter; or (B),2020-07-01
TMEC,8905,CTC,CC,,,,[AUTO-GN11 cap.89] headings 8904 through 8905 from any other chapter; or (B),2020-07-01
TMEC,8906,CTC,CTH,,,,"[AUTO-GN11 cap.89] headings 8906 through 8908 from any other heading, including another heading within that group.",2020-07-01
TMEC,8907,CTC,CTH,,,,"[AUTO-GN11 cap.89] headings 8906 through 8908 from any other heading, including another heading within that group.",2020-07-01
TMEC,8908,CTC,CTH,,,,"[AUTO-GN11 cap.89] headings 8906 through 8908 from any other heading, including another heading within that group.",2020-07-01
TMEC,900110,CTC,CC,,,,"[AUTO-GN11 cap.90] subheading 9001.10 from any other chapter, except from pre-forms of heading 7002; or (B)",2020-07-01
TMEC,9001,CTC,CTH,,,,[AUTO-GN11 cap.90] subheadings 9001.20 through 9001.90 from any other heading. Harmonized Tariff Schedule of the United States Revision 9 (2026) Annotated for Statistical Reporting Purposes GN p.123 ,2020-07-01
TMEC,9002,CTC,CTH,,,,"[AUTO-GN11 cap.90] heading 9002 from any other heading, except from heading 9001. 4. (A)",2020-07-01
TMEC,9003,CTC,CTSH,,,,"[AUTO-GN11 cap.90] subheadings 9003.11 through 9003.19 from any other subheading, including another subheading within that group, except from subheading 9003.90; or (B)",2020-07-01
TMEC,900390,CTC,CTH,,,,[AUTO-GN11 cap.90] subheading 9003.90 from any other heading. 6.,2020-07-01
TMEC,900410,CTC,CTSH,,,,[AUTO-GN11 cap.90] subheading 9004.10 from any other subheading. 7. (A),2020-07-01
TMEC,900490,CTC,CC,,,,[AUTO-GN11 cap.90] subheading 9004.90 from any other chapter; or (B),2020-07-01
TMEC,900590,CTC_OR_RVC,CTH,transaction,60,,"[AUTO-GN11 cap.90] subheading 9005.90 from any other heading; or (B) No change in tariff classification to a good of subheading 9005.90, provided there is a regional value content of not less than: (",2020-07-01
TMEC,9006,CTC,CTH,,,,[AUTO-GN11 cap.90] subheadings 9006.10 through 9006.69 from any other heading; or (B),2020-07-01
TMEC,900710,CTC,CTH,,,,[AUTO-GN11 cap.90] any other good of subheading 9007.10 from any other heading; or (C),2020-07-01
TMEC,900720,CTC,CTH,,,,[AUTO-GN11 cap.90] subheading 9007.20 from any other heading; or (B),2020-07-01
TMEC,900791,CTC_OR_RVC,CTH,transaction,60,,"[AUTO-GN11 cap.90] subheading 9007.91 from any other heading; or (B) No change in tariff classification to a good of subheading 9007.91, provided there is a regional value content of not less than: (",2020-07-01
TMEC,900792,CTC_OR_RVC,CTH,transaction,60,,"[AUTO-GN11 cap.90] subheading 9007.92 from any other heading; or (B) No change in tariff classification to a good of subheading 9007.92, provided there is a regional value content of not less than: (",2020-07-01
TMEC,900850,CTC,CTH,,,,[AUTO-GN11 cap.90] subheading 9008.50 from any other heading; or (B),2020-07-01
TMEC,900890,CTC_OR_RVC,CTH,transaction,60,,"[AUTO-GN11 cap.90] subheading 9008.90 from any other heading; or (B) No change in tariff classification to a good of subheading 9008.90, provided there is a regional value content of not less than: (",2020-07-01
TMEC,9010,CTC,CTH,,,,[AUTO-GN11 cap.90] subheadings 9010.10 through 9010.60 from any other heading; or (B),2020-07-01
TMEC,901090,CTC_OR_RVC,CTH,transaction,60,,[AUTO-GN11 cap.90] subheading 9010.90 from any other heading; or Harmonized Tariff Schedule of the United States Revision 9 (2026) Annotated for Statistical Reporting Purposes GN p.125 USMCA (B) No c,2020-07-01
TMEC,9011,CTC,CTH,,,,[AUTO-GN11 cap.90] subheadings 9011.10 through 9011.80 from any other heading; or (B),2020-07-01
TMEC,901190,CTC,CTH,,,,[AUTO-GN11 cap.90] subheading 9011.90 from any other heading. 23. (A),2020-07-01
TMEC,901210,CTC,CTH,,,,[AUTO-GN11 cap.90] subheading 9012.10 from any other heading; or (B),2020-07-01
TMEC,901290,CTC,CTH,,,,[AUTO-GN11 cap.90] subheading 9012.90 from any other heading. 25. (A),2020-07-01
TMEC,9013,CTC,CTH,,,,[AUTO-GN11 cap.90] subheadings 9013.10 through 9013.20 from any other heading; or (B),2020-07-01
TMEC,901380,CTC,CTSH,,,,[AUTO-GN11 cap.90] Liquid Crystal Display Assemblies of subheading 9013.80 from any other subheading; (B) No required tariff change to Liquid Crystal Display Assemblies of subheading 9013.80 provided,2020-07-01
TMEC,901390,CTC_OR_RVC,CTH,transaction,60,,"[AUTO-GN11 cap.90] subheading 9013.90 from any other heading; or (B) No change in tariff classification to a good of subheading 9013.90, provided there is a regional value content of not less than: (",2020-07-01
TMEC,9014,CTC,CTH,,,,[AUTO-GN11 cap.90] subheadings 9014.10 through 9014.80 from any other heading; or (B),2020-07-01
TMEC,901490,CTC_OR_RVC,CTH,transaction,60,,"[AUTO-GN11 cap.90] subheading 9014.90 from any other heading; or (B) No change in tariff classification to a good of subheading 9014.90, provided there is a regional value content of not less than: (",2020-07-01
TMEC,9015,CTC,CTH,,,,[AUTO-GN11 cap.90] subheadings 9015.10 through 9015.80 from any other heading; or (B),2020-07-01
TMEC,901590,CTC_OR_RVC,CTH,transaction,60,,"[AUTO-GN11 cap.90] subheading 9015.90 from any other heading; or (B) No change in tariff classification to a good of subheading 9015.90, provided there is a regional value content of not less than: (",2020-07-01
TMEC,9016,CTC,CTH,,,,[AUTO-GN11 cap.90] heading 9016 from any other heading. 33. (A),2020-07-01
TMEC,9017,CTC,CTH,,,,[AUTO-GN11 cap.90] subheadings 9017.10 through 9017.80 from any other heading; or (B),2020-07-01
TMEC,901790,CTC,CTH,,,,[AUTO-GN11 cap.90] subheading 9017.90 from any other heading. 35.,2020-07-01
TMEC,901811,CTC,CTH,,,,[AUTO-GN11 cap.90] subheading 9018.11 from any other heading. 37.,2020-07-01
TMEC,9018,CTC,CTH,,,,[AUTO-GN11 cap.90] subheadings 9018.12 through 9018.14 from any other heading. 38.,2020-07-01
TMEC,901819,CTC,CTH,,,,[AUTO-GN11 cap.90] subheading 9018.19 from any other heading. 40.,2020-07-01
TMEC,901890,CTC,CTH,,,,[AUTO-GN11 cap.90] subheading 9018.90 from any other heading. 43. (A),2020-07-01
TMEC,9019,CTC,CTSH,,,,"[AUTO-GN11 cap.90] subheadings 9019.10 through 9019.20 from any other subheading, including another subheading within that group; or (B) No change in tariff classification to a good of any of subhead",2020-07-01
TMEC,9020,CTC,CTH,,,,[AUTO-GN11 cap.90] heading 9020 from any other heading. 45. (A),2020-07-01
TMEC,9021,CTC,CTSH,,,,"[AUTO-GN11 cap.90] subheadings 9021.10 through 9021.90 from any other subheading, including another subheading within that group; or (B) No change in tariff classification to a good of any of subhead",2020-07-01
TMEC,9022,CTC,CTSH,,,,"[AUTO-GN11 cap.90] subheadings 9022.12 through 9022.30 from any other subheading, including another subheading within that group; or (B) No change in tariff classification to a good of any of subhead",2020-07-01
TMEC,902290,CTC_OR_RVC,CTH,transaction,60,,"[AUTO-GN11 cap.90] subheading 9022.90 from any other heading; or (B) No change in tariff classification to a good of subheading 9022.90, provided there is a regional value content of not less than: (",2020-07-01
TMEC,9023,CTC,CTH,,,,[AUTO-GN11 cap.90] heading 9023 from any other heading. 50. (A),2020-07-01
TMEC,9024,CTC,CTH,,,,[AUTO-GN11 cap.90] subheadings 9024.10 through 9024.80 from any other heading; or (B),2020-07-01
TMEC,902490,CTC_OR_RVC,CTH,transaction,60,,"[AUTO-GN11 cap.90] subheading 9024.90 from any other heading; or (B) No change in tariff classification to a good of subheading 9024.90, provided there is a regional value content of not less than: (",2020-07-01
TMEC,9025,CTC,CTH,,,,[AUTO-GN11 cap.90] subheadings 9025.11 through 9025.80 from any other heading; or Harmonized Tariff Schedule of the United States Revision 9 (2026) Annotated for Statistical Reporting Purposes GN p.1,2020-07-01
TMEC,902590,CTC,CTH,,,,[AUTO-GN11 cap.90] subheading 9025.90 from any other heading. 54. (A),2020-07-01
TMEC,9026,CTC,CTH,,,,[AUTO-GN11 cap.90] subheadings 9026.10 through 9026.80 from any other heading; or (B),2020-07-01
TMEC,902690,CTC_OR_RVC,CTH,transaction,60,,"[AUTO-GN11 cap.90] subheading 9026.90 from any other heading; or (B) No change in tariff classification to a good of subheading 9026.90, provided there is a regional value content of not less than: (",2020-07-01
TMEC,9027,CTC,CTSH,,,,"[AUTO-GN11 cap.90] subheadings 9027.10 through 9027.50 from any other subheading, including another subheading within that group. 57.",2020-07-01
TMEC,902790,CTC_OR_RVC,CTH,transaction,60,,"[AUTO-GN11 cap.90] subheading 9027.90 from any other heading; or (B) No change in tariff classification to a good of subheading 9027.90, provided there is a regional value content of not less than: (",2020-07-01
TMEC,9028,CTC,CTH,,,,[AUTO-GN11 cap.90] subheadings 9028.10 through 9028.30 from any other heading; or (B),2020-07-01
TMEC,902890,CTC,CTH,,,,[AUTO-GN11 cap.90] subheading 9028.90 from any other heading. 61. (A),2020-07-01
TMEC,9029,CTC,CTH,,,,[AUTO-GN11 cap.90] subheadings 9029.10 through 9029.20 from any other heading; or (B),2020-07-01
TMEC,902990,CTC_OR_RVC,CTH,transaction,60,,"[AUTO-GN11 cap.90] subheading 9029.90 from any other heading; or (B) No change in tariff classification to a good of subheading 9029.90, provided there is a regional value content of not less than: H",2020-07-01
TMEC,903010,CTC,CTSH,,,,[AUTO-GN11 cap.90] subheading 9030.10 from any other subheading. 64. (A),2020-07-01
TMEC,903020,CTC,CTSH,,,,[AUTO-GN11 cap.90] any other good of subheading 9030.20 from any other subheading. 65.,2020-07-01
TMEC,903031,CTC,CTSH,,,,[AUTO-GN11 cap.90] subheading 9030.31 from any other subheading. 66. (A),2020-07-01
TMEC,903032,CTC,CTH,,,,[AUTO-GN11 cap.90] subheading 9030.32 from any other heading; or (B),2020-07-01
TMEC,903033,CTC,CTSH,,,,"[AUTO-GN11 cap.90] subheading 9030.33 from any other subheading, except from printed circuit assemblies (PCAs) of subheading 9030.90. 68.",2020-07-01
TMEC,903039,CTC,CTSH,,,,[AUTO-GN11 cap.90] subheading 9030.39 from any other subheading. 69. (A) Achange to subheadings 9030.40 through 9030.82 from any other heading; or (B),2020-07-01
TMEC,9030,CTC,CTSH,,,,"[AUTO-GN11 cap.90] subheadings 9030.84 through 9030.89 from any other subheading, including another subheading within that group. 71. (A)",2020-07-01
TMEC,903090,CTC_OR_RVC,CTH,transaction,60,,"[AUTO-GN11 cap.90] subheading 9030.90 from any other heading; or (B) No change in tariff classification to a good of subheading 9030.90, provided there is a regional value content of not less than: (",2020-07-01
TMEC,9031,CTC,CTSH,,,,"[AUTO-GN11 cap.90] subheadings 9031.10 through 9031.20 from any other subheading, including another subheading within that group. 73. (A)",2020-07-01
TMEC,903141,CTC,CTH,,,,[AUTO-GN11 cap.90] subheading 9031.41 from any other heading; or (B),2020-07-01
TMEC,903149,CTC,CTSH,,,,[AUTO-GN11 cap.90] subheading 9031.49 from any other subheading. Harmonized Tariff Schedule of the United States Revision 9 (2026) Annotated for Statistical Reporting Purposes GN p.130 USMCA Subheadi,2020-07-01
TMEC,903180,CTC,CTH,,,,[AUTO-GN11 cap.90] subheading 9031.80 from any other heading; or (B),2020-07-01
TMEC,903210,CTC,CTH,,,,[AUTO-GN11 cap.90] subheading 9032.10 from any other heading; or (B),2020-07-01
TMEC,9032,CTC,CTSH,,,,"[AUTO-GN11 cap.90] subheadings 9032.20 through 9032.81 from any other subheading, includinganother subheading within that group. Subheading rule: The underscoring of the designations in subdivision 8",2020-07-01
TMEC,903289,CTC,CTH,,,,[AUTO-GN11 cap.90] subheading 9032.89 from any other heading; or (B),2020-07-01
TMEC,903290,CTC_OR_RVC,CTH,transaction,60,,"[AUTO-GN11 cap.90] subheading 9032.90 from any other heading; or (B) No change in tariff classification to a good of subheading 9032.90, provided there is a regional value content of not less than: (",2020-07-01
TMEC,9033,CTC_OR_RVC,CTH,transaction,60,,"[AUTO-GN11 cap.90] heading 9033 from any other heading; or (B) No change in tariff classification to a good of heading 9033, provided there is a regional value content of not less than: (1) 60 percen",2020-07-01
TMEC,9101,CTC,CC,,,,[AUTO-GN11 cap.91] headings 9101 through 9106 from any other chapter; or (B),2020-07-01
TMEC,9102,CTC,CC,,,,[AUTO-GN11 cap.91] headings 9101 through 9106 from any other chapter; or (B),2020-07-01
TMEC,9103,CTC,CC,,,,[AUTO-GN11 cap.91] headings 9101 through 9106 from any other chapter; or (B),2020-07-01
TMEC,9104,CTC,CC,,,,[AUTO-GN11 cap.91] headings 9101 through 9106 from any other chapter; or (B),2020-07-01
TMEC,9105,CTC,CC,,,,[AUTO-GN11 cap.91] headings 9101 through 9106 from any other chapter; or (B),2020-07-01
TMEC,9106,CTC,CC,,,,[AUTO-GN11 cap.91] headings 9101 through 9106 from any other chapter; or (B),2020-07-01
TMEC,9107,CTC,CC,,,,[AUTO-GN11 cap.91] heading 9107 from any other chapter; or (B),2020-07-01
TMEC,9108,CTC,CTH,,,,"[AUTO-GN11 cap.91] headings 9108 through 9110 from any other heading, including another heading within that group, provided there is a regional value content of not less than: (A) 60 percent where th",2020-07-01
TMEC,9109,CTC,CTH,,,,"[AUTO-GN11 cap.91] headings 9108 through 9110 from any other heading, including another heading within that group, provided there is a regional value content of not less than: (A) 60 percent where th",2020-07-01
TMEC,9110,CTC,CTH,,,,"[AUTO-GN11 cap.91] headings 9108 through 9110 from any other heading, including another heading within that group, provided there is a regional value content of not less than: (A) 60 percent where th",2020-07-01
TMEC,911190,CTC_AND_RVC,CTH,transaction,60,,"[AUTO-GN11 cap.91] subheading 9111.90 from any other heading, provided there is a regional value content of not less than: (A) 60 percent where the transaction value method is used; or (B) 50 percent",2020-07-01
TMEC,911290,CTC_AND_RVC,CTH,transaction,60,,"[AUTO-GN11 cap.91] subheading 9112.90 from any other heading, provided there is a regional value content of not less than: (A) 60 percent where the transaction value method is used; or (B) 50 percent",2020-07-01
TMEC,9113,CTC_AND_RVC,CTH,transaction,60,,"[AUTO-GN11 cap.91] heading 9113 from any other heading, provided there is a regional value content of not less than: (A) 60 percent where the transaction value method is used; or (B) 50 percent where",2020-07-01
TMEC,9114,CTC,CTH,,,,[AUTO-GN11 cap.91] heading 9114 from any other heading.,2020-07-01
TMEC,9201,CTC,CC,,,,[AUTO-GN11 cap.92] headings 9201 through 9208 from any other chapter; or (B),2020-07-01
TMEC,9202,CTC,CC,,,,[AUTO-GN11 cap.92] headings 9201 through 9208 from any other chapter; or (B),2020-07-01
TMEC,9203,CTC,CC,,,,[AUTO-GN11 cap.92] headings 9201 through 9208 from any other chapter; or (B),2020-07-01
TMEC,9204,CTC,CC,,,,[AUTO-GN11 cap.92] headings 9201 through 9208 from any other chapter; or (B),2020-07-01
TMEC,9205,CTC,CC,,,,[AUTO-GN11 cap.92] headings 9201 through 9208 from any other chapter; or (B),2020-07-01
TMEC,9206,CTC,CC,,,,[AUTO-GN11 cap.92] headings 9201 through 9208 from any other chapter; or (B),2020-07-01
TMEC,9207,CTC,CC,,,,[AUTO-GN11 cap.92] headings 9201 through 9208 from any other chapter; or (B),2020-07-01
TMEC,9208,CTC,CC,,,,[AUTO-GN11 cap.92] headings 9201 through 9208 from any other chapter; or (B),2020-07-01
TMEC,9209,CTC,CTH,,,,[AUTO-GN11 cap.92] heading 9209 from any other heading.,2020-07-01
TMEC,9301,CTC,CC,,,,[AUTO-GN11 cap.93] headings 9301 through 9304 from any other chapter; or (B),2020-07-01
TMEC,9302,CTC,CC,,,,[AUTO-GN11 cap.93] headings 9301 through 9304 from any other chapter; or (B),2020-07-01
TMEC,9303,CTC,CC,,,,[AUTO-GN11 cap.93] headings 9301 through 9304 from any other chapter; or (B),2020-07-01
TMEC,9304,CTC,CC,,,,[AUTO-GN11 cap.93] headings 9301 through 9304 from any other chapter; or (B),2020-07-01
TMEC,9305,CTC,CTH,,,,[AUTO-GN11 cap.93] heading 9305 from any other heading. 3.,2020-07-01
TMEC,9306,CTC,CC,,,,[AUTO-GN11 cap.93] headings 9306 through 9307 from any other chapter.,2020-07-01
TMEC,9307,CTC,CC,,,,[AUTO-GN11 cap.93] headings 9306 through 9307 from any other chapter.,2020-07-01
TMEC,9401,CTC,CC,,,,[AUTO-GN11 cap.94] subheadings 9401.10 through 9401.80 from any other chapter; or (B),2020-07-01
TMEC,940190,CTC,CTH,,,,[AUTO-GN11 cap.94] subheading 9401.90 from any other heading. 3.,2020-07-01
TMEC,9402,CTC,CTSH,,,,"[AUTO-GN11 cap.94] subheadings 9402.10 through 9402.90 from any other subheading, including another subheading within that group. 4. (A)",2020-07-01
TMEC,9403,CTC,CC,,,,[AUTO-GN11 cap.94] subheadings 9403.10 through 9403.89 from any other chapter; or (B),2020-07-01
TMEC,940390,CTC,CTH,,,,[AUTO-GN11 cap.94] subheading 9403.90 from any other heading. 6.,2020-07-01
TMEC,9404,CTC,CC,,,,[AUTO-GN11 cap.94] subheadings 9404.10 through 9404.30 from any other chapter. 7.,2020-07-01
TMEC,940490,CTC,CC,,,,"[AUTO-GN11 cap.94] subheading 9404.90 from any other chapter, except from headings 5007, 5111 through 5113, 5208 through 5212, 5310 through 5311, 5407 through 5408 or 5512 through 5516. 8.",2020-07-01
TMEC,940550,CTC,CC,,,,[AUTO-GN11 cap.94] subheading 9405.50 from any other chapter; or (B),2020-07-01
TMEC,940560,CTC,CTSH,,,,[AUTO-GN11 cap.94] subheading 9405.60 from any other subheading. 11.,2020-07-01
TMEC,9405,CTC,CTH,,,,[AUTO-GN11 cap.94] subheadings 9405.91 through 9405.99 from any other heading. 12.,2020-07-01
TMEC,9406,CTC,CC,,,,[AUTO-GN11 cap.94] heading 9406 from any other chapter.,2020-07-01
TMEC,9503,CTC,CTSH,,,,"[AUTO-GN11 cap.95] subheadings 9503.00 through 9505.90 from any other subheading, including another subheading within that group; or (B) No change in tariff classification to a good of any of subhead",2020-07-01
TMEC,9504,CTC,CTSH,,,,"[AUTO-GN11 cap.95] subheadings 9503.00 through 9505.90 from any other subheading, including another subheading within that group; or (B) No change in tariff classification to a good of any of subhead",2020-07-01
TMEC,9505,CTC,CTSH,,,,"[AUTO-GN11 cap.95] subheadings 9503.00 through 9505.90 from any other subheading, including another subheading within that group; or (B) No change in tariff classification to a good of any of subhead",2020-07-01
TMEC,9506,CTC,CC,,,,[AUTO-GN11 cap.95] subheadings 9506.11 through 9506.29 from any other chapter. 3. (A),2020-07-01
TMEC,950631,CTC,CC,,,,[AUTO-GN11 cap.95] subheading 9506.31 from any other chapter; or (B),2020-07-01
TMEC,9507,CTC,CC,,,,[AUTO-GN11 cap.95] headings 9507 through 9508 from any other chapter.,2020-07-01
TMEC,9508,CTC,CC,,,,[AUTO-GN11 cap.95] headings 9507 through 9508 from any other chapter.,2020-07-01
TMEC,9601,CTC,CC,,,,[AUTO-GN11 cap.96] headings 9601 through 9605 from any other chapter. 2.,2020-07-01
TMEC,9602,CTC,CC,,,,[AUTO-GN11 cap.96] headings 9601 through 9605 from any other chapter. 2.,2020-07-01
TMEC,9603,CTC,CC,,,,[AUTO-GN11 cap.96] headings 9601 through 9605 from any other chapter. 2.,2020-07-01
TMEC,9604,CTC,CC,,,,[AUTO-GN11 cap.96] headings 9601 through 9605 from any other chapter. 2.,2020-07-01
TMEC,9605,CTC,CC,,,,[AUTO-GN11 cap.96] headings 9601 through 9605 from any other chapter. 2.,2020-07-01
TMEC,960610,CTC,CC,,,,[AUTO-GN11 cap.96] subheading 9606.10 from any other chapter. 3. (A),2020-07-01
TMEC,9606,CTC,CC,,,,[AUTO-GN11 cap.96] subheadings 9606.21 through 9606.29 from any other chapter; or (B),2020-07-01
TMEC,960630,CTC,CTH,,,,[AUTO-GN11 cap.96] subheading 9606.30 from any other heading. Harmonized Tariff Schedule of the United States Revision 9 (2026) Annotated for Statistical Reporting Purposes GN p.134 USMCA 5. (A),2020-07-01
TMEC,9607,CTC,CC,,,,[AUTO-GN11 cap.96] subheadings 9607.11 through 9607.19 from any other chapter; or (B),2020-07-01
TMEC,960720,CTC,CTH,,,,[AUTO-GN11 cap.96] subheading 9607.20 from any other heading. 7. (A),2020-07-01
TMEC,9608,CTC,CC,,,,[AUTO-GN11 cap.96] subheadings 9608.10 through 9608.50 from any other chapter; or (B),2020-07-01
TMEC,9609,CTC,CC,,,,[AUTO-GN11 cap.96] headings 9609 through 9612 from any other chapter. 10. (A),2020-07-01
TMEC,9610,CTC,CC,,,,[AUTO-GN11 cap.96] headings 9609 through 9612 from any other chapter. 10. (A),2020-07-01
TMEC,9611,CTC,CC,,,,[AUTO-GN11 cap.96] headings 9609 through 9612 from any other chapter. 10. (A),2020-07-01
TMEC,9612,CTC,CC,,,,[AUTO-GN11 cap.96] headings 9609 through 9612 from any other chapter. 10. (A),2020-07-01
TMEC,9613,CTC,CC,,,,[AUTO-GN11 cap.96] subheadings 9613.10 through 9613.80 from any other chapter; or (B),2020-07-01
TMEC,961390,CTC,CTH,,,,[AUTO-GN11 cap.96] subheading 9613.90 from any other heading. 12.,2020-07-01
TMEC,9615,CTC,CC,,,,[AUTO-GN11 cap.96] subheadings 9615.11 through 9615.19 from any other chapter; or (B),2020-07-01
TMEC,961590,CTC,CTH,,,,[AUTO-GN11 cap.96] subheading 9615.90 from any other heading. 15.,2020-07-01
TMEC,9616,CTC,CC,,,,"[AUTO-GN11 cap.96] headings 9616 through 9618 from any other chapter. Heading rule: A good of heading 9619 shall be considered originating, notwithstanding the origin of the following materials, prov",2020-07-01
TMEC,9617,CTC,CC,,,,"[AUTO-GN11 cap.96] headings 9616 through 9618 from any other chapter. Heading rule: A good of heading 9619 shall be considered originating, notwithstanding the origin of the following materials, prov",2020-07-01
TMEC,9618,CTC,CC,,,,"[AUTO-GN11 cap.96] headings 9616 through 9618 from any other chapter. Heading rule: A good of heading 9619 shall be considered originating, notwithstanding the origin of the following materials, prov",2020-07-01
TMEC,9619,CTC,CC,,,,"[AUTO-GN11 cap.96] sanitary towels or tampons of heading 9619 from any other chapter, except from headings 5106 through5113, 5204 through 5212, 5310 through 5311 or chapters 54 through 55; Harmonized",2020-07-01
TMEC,9701,CTC,CC,,,,"[AUTO-GN11 cap.97] headings 9701 through 9706 from any other chapter. (p) Goods that shall be deemed to be originating goods.—Notwithstanding any other provisions of this note, the following goods na",2020-07-01
TMEC,9702,CTC,CC,,,,"[AUTO-GN11 cap.97] headings 9701 through 9706 from any other chapter. (p) Goods that shall be deemed to be originating goods.—Notwithstanding any other provisions of this note, the following goods na",2020-07-01
TMEC,9703,CTC,CC,,,,"[AUTO-GN11 cap.97] headings 9701 through 9706 from any other chapter. (p) Goods that shall be deemed to be originating goods.—Notwithstanding any other provisions of this note, the following goods na",2020-07-01
TMEC,9704,CTC,CC,,,,"[AUTO-GN11 cap.97] headings 9701 through 9706 from any other chapter. (p) Goods that shall be deemed to be originating goods.—Notwithstanding any other provisions of this note, the following goods na",2020-07-01
TMEC,9705,CTC,CC,,,,"[AUTO-GN11 cap.97] headings 9701 through 9706 from any other chapter. (p) Goods that shall be deemed to be originating goods.—Notwithstanding any other provisions of this note, the following goods na",2020-07-01
TMEC,9706,CTC,CC,,,,"[AUTO-GN11 cap.97] headings 9701 through 9706 from any other chapter. (p) Goods that shall be deemed to be originating goods.—Notwithstanding any other provisions of this note, the following goods na",2020-07-01
